accession,subtype,GT,regimen,outcome,nonSVR,ns5a_24,ns5a_28,ns5a_30,ns5a_31,ns5a_32,ns5a_58,ns5a_62,ns5a_92,ns5a_93,ns3_36,ns3_54,ns3_55,ns3_56,ns3_80,ns3_155,ns3_156,ns3_168,ns5b_159,ns5b_282,ns5b_316,ns5b_320,ns5b_321,NS5A_28plus30,NS5A_any_28_30_31,NS3_156_sub,NS3_168_sub,NS5B_282_sub,covered_ns5a,covered_ns3,covered_ns5b,n_mut_ns5a,n_mut_ns3,n_mut_ns5b,all_mutations_ns5a,all_mutations_ns3,all_mutations_ns5b,all_resistance_muts_ns5a,all_resistance_muts_ns3,all_resistance_muts_ns5b,PIB_class,VEL_class,DCV_class,LDV_class,SOF_class,GLE_class,GZR_class,EBR_class
PP372686.1,2a,2,SOF-VEL,Non SVR,1,,F28S,,,,,,,,,,,,,,,,,,,,,False,True,False,False,False,True,True,True,8,5,21,"F28S, I83T, Q97S, I108T, S126P, H128S, I164T, T200M","T16A, T47S, V51I, V153I, S160A","A59V, V67T, T79S, T130S, T150I, A156P, I178V, R241Q, P246S, H250R, F267L, T273A, M289L, I309V, I363V, Q377K, R379G, A421V, S487A, V520I, L544H","not available,",not available,"not available,289L",susceptible,susceptible,not licensed for subtype,not licensed for subtype,reduced susceptibility,susceptible,not licensed for subtype,not licensed for subtype
PP101888.1,6q,6,SOF-DCV,Non SVR,1,,,,,,,,,,,,,,,,,,,,,,,False,False,False,False,False,True,True,True,7,6,7,"I8V, A25S, I34V, I52M, K78R, C127Y, V173I","V33I, V35I, T47S, F64L, T89P, M132L","T25A, T235N, A273S, N310D, D352E, L362M, K531R",not available,not available,not available,susceptible,susceptible,not licensed for subtype,susceptible,susceptible,susceptible,not licensed for subtype,not licensed for subtype
PP101889.1,6q,6,SOF-DCV,Non SVR,1,,,,,,,,,,,,,,,,,,,,,,,False,False,False,False,False,True,True,True,6,5,6,"I8V, A25S, I34V, H75L, I83T, N125K","V33I, T47S, F64L, T89A, M132L","T235N, A273S, N310D, L362M, K531R, T544S",not available,not available,not available,susceptible,susceptible,not licensed for subtype,susceptible,susceptible,susceptible,not licensed for subtype,not licensed for subtype
PP101890.1,6r,6,SOF-DCV,Non SVR,1,,G28A,,,,,A62V,,,,,,,,,,,,,,,,False,True,False,False,False,True,True,True,8,3,17,"I14V, G21E, G28A, Q44R, A62V, R176S, V177I, T204N","C7H, T47A, V150A","V11I, V59M, T149A, Y162F, V178I, S190A, Y203H, V207L, K222R, R234C, E237A, P330A, S334G, R440H, V454I, I520V, C575S",not available,not available,not available,susceptible,susceptible,not licensed for subtype,susceptible,susceptible,susceptible,not licensed for subtype,not licensed for subtype
PP101891.1,6r,6,SOF-DCV,Non SVR,1,,G28A,,,,,A62V,,,,,,,,,,,,,,,,False,True,False,False,False,True,True,True,9,3,17,"I14V, G21E, G28A, Q44R, V52I, A62V, R176S, V177I, T204N","C7H, T47A, V150A","V11I, V59M, T149A, Y162F, V178I, S190A, Y203H, V207L, K222R, R234C, E237A, P330A, S334G, R440H, V454I, I520V, C575S",not available,not available,not available,susceptible,susceptible,not licensed for subtype,susceptible,susceptible,susceptible,not licensed for subtype,not licensed for subtype
PP101892.1,6r,6,SOF-DCV,Non SVR,1,,G28T,,,,,A62V,,,,,,,,,,,,,,,,False,True,False,False,False,True,True,True,10,3,11,"I8V, I14V, G21E, G28T, I34V, A62V, S87R, S164P, R176S, V177I","T47A, M144L, V150A","V11I, V57L, T149I, S190A, Y203H, V207L, K222R, T235V, N257S, R440H, C575S",not available,not available,not available,susceptible,susceptible,not licensed for subtype,susceptible,susceptible,susceptible,not licensed for subtype,not licensed for subtype
PP101893.1,6r,6,SOF-DCV,Non SVR,1,,G28T,,,,,A62V,,,,,,,,,,,,,,,,False,True,False,False,False,True,True,True,10,3,11,"I8V, I14V, G21E, G28T, I34V, A62V, S87R, S164P, R176S, V177I","T47A, M144L, V150A","V11I, V57L, T149I, S190A, Y203H, V207L, K222R, T235V, N257S, R440H, C575S",not available,not available,not available,susceptible,susceptible,not licensed for subtype,susceptible,susceptible,susceptible,not licensed for subtype,not licensed for subtype
PP101894.1,6r,6,SOF-DCV,Non SVR,1,,G28K,,,,,A62V,,,,,,F56Y,,,,,,,,,,False,True,False,False,False,True,True,True,16,2,6,"I8V, D10E, I14V, G28K, R41Q, Q44R, A62V, T64S, S87R, E136D, A146T, S164P, R176S, V177I, S180C, V183I","F56Y, V150A","T149A, Y162F, V207L, P330A, R440H, M571T",not available,not available,not available,susceptible,susceptible,not licensed for subtype,susceptible,susceptible,susceptible,not licensed for subtype,not licensed for subtype
PP101895.1,6r,6,SOF-DCV,Non SVR,1,,G28K,,,,,A62V,,,,,,F56Y,,,,,,,,,,False,True,False,False,False,True,True,True,15,2,6,"I8V, D10E, I14V, G28K, R41Q, Q44R, A62V, T64S, S87R, E136D, A146T, V156I, S164P, R176S, V177I","F56Y, V150A","T149A, Y162F, V207L, P330A, R440H, M571T",not available,not available,not available,susceptible,susceptible,not licensed for subtype,susceptible,susceptible,susceptible,not licensed for subtype,not licensed for subtype
PP101896.1,6r,6,SOF-DCV,Non SVR,1,,G28T,,,,,A62V,,,,,,,,,,,,,,,,False,True,False,False,False,True,True,True,13,1,19,"I8V, I14V, G21E, G25A, G28T, A62V, S87R, A114G, E116D, N127S, R176S, V177I, T213A",V150A,"H65Y, A94T, T149A, Y162F, A185E, V207L, K222R, N257T, R270Q, D310N, A324S, A327T, P330A, D353E, T393S, R440H, V450I, M469T, R531K",not available,not available,not available,susceptible,susceptible,not licensed for subtype,susceptible,susceptible,susceptible,not licensed for subtype,not licensed for subtype
PP101897.1,6r,6,SOF-DCV,Non SVR,1,,G28T,,,,,A62V,,,,,,,,,,,,,,,,False,True,False,False,False,True,True,True,13,1,19,"I8V, I14V, G21E, G25A, G28T, A62V, S87R, A114G, E116D, N127S, R176S, V177I, T213A",V150A,"H65Y, A94T, T149A, Y162F, A185E, V207L, K222R, N257T, R270Q, D310N, A324S, A327T, P330A, D353E, T393S, R440H, V450I, M469T, R531K",not available,not available,not available,susceptible,susceptible,not licensed for subtype,susceptible,susceptible,susceptible,not licensed for subtype,not licensed for subtype
PP101898.1,6r,6,SOF-DCV,Non SVR,1,,G28T,,,,,A62V,,,,,,,,,,,,,,,,False,True,False,False,False,True,True,True,14,3,19,"I8V, I14V, G21E, G28T, A62V, S87R, V99I, Q125H, S164P, R176S, V177I, A197V, V198A, A207T","C7H, T47A, V150A","A9T, K77T, I116V, T149A, Y162F, Y203H, V207L, K222R, R234H, T235I, N257T, K307G, D310N, P330A, R355H, T393A, R440H, V450I, C575S",not available,not available,not available,susceptible,susceptible,not licensed for subtype,susceptible,susceptible,susceptible,not licensed for subtype,not licensed for subtype
PP101899.1,6r,6,SOF-DCV,Non SVR,1,,G28T,,,,,A62V,,,,,,,,,,,,,,,,False,True,False,False,False,True,True,True,14,3,19,"I8V, I14V, G21E, G28T, A62V, S87R, V99I, Q125H, S164P, R176S, V177I, A197V, V198A, A207T","C7H, T47A, V150A","A9T, K77T, I116V, T149A, Y162F, Y203H, V207L, K222R, R234H, T235I, N257T, K307G, D310N, P330A, R355H, T393A, R440H, V450I, C575S",not available,not available,not available,susceptible,susceptible,not licensed for subtype,susceptible,susceptible,susceptible,not licensed for subtype,not licensed for subtype
PP101900.1,6r,6,SOF-DCV,Non SVR,1,,G28A,,,,,A62V,,,,,,F56Y,,,,,,,,,,False,True,False,False,False,True,True,True,16,3,17,"I14V, G21Q, G28A, R41Q, T54S, A62V, S87R, I101V, Q125H, S164P, E171D, E172D, R176S, V177I, A197T, L199V","T47A, F56Y, V150A","V11I, V60L, A73V, R81K, T149V, Y162F, V207L, K222R, K307N, D310N, P330A, A335S, L336V, P349H, R440H, S553A, M571K",not available,not available,not available,susceptible,susceptible,not licensed for subtype,susceptible,susceptible,susceptible,not licensed for subtype,not licensed for subtype
PP101901.1,6r,6,SOF-DCV,Non SVR,1,,G28T,,,,,A62V,,,,,,,,,,,,,,,,False,True,False,False,False,True,True,True,8,3,11,"I8V, I14V, G21E, G28T, A62V, S87R, R176T, V177I","C7Y, T47A, I71V","V11I, T149A, Y162F, Y203H, V207L, K222R, P330A, D353H, V389T, R440H, A488V",not available,not available,not available,susceptible,susceptible,not licensed for subtype,susceptible,susceptible,susceptible,not licensed for subtype,not licensed for subtype
PP101902.1,6r,6,SOF-DCV,Non SVR,1,,G28T,,,,,A62V,,,,,,,,,,,,S282T,,,,False,True,False,False,True,True,True,True,8,4,15,"I8V, I14V, G21E, G28T, A62V, S87R, R176T, V177I","C7Y, T47A, I71V, S174N","V11I, T149A, Y162F, Y203H, S206N, V207L, K222R, S282T, L285F, D310N, P330A, D353H, V389T, R440H, A488V",not available,not available,"not available,282T",susceptible,susceptible,not licensed for subtype,susceptible,reduced susceptibility,susceptible,not licensed for subtype,not licensed for subtype
PP101903.1,6r,6,SOF-DCV,Non SVR,1,,G28T,,,,,A62V,,,,,,,,,,,,,,,,False,True,False,False,False,True,True,True,11,3,10,"I14V, G21E, G28T, A62V, S87R, N127H, V131T, A146T, S164P, R176S, T213S","C7F, T47S, V150A","V57I, K77N, T149A, Y162F, Y203H, S206G, V207L, P330A, R440H, M571T",not available,not available,not available,susceptible,susceptible,not licensed for subtype,susceptible,susceptible,susceptible,not licensed for subtype,not licensed for subtype
PP101904.1,6s,6,SOF-DCV,Non SVR,1,,L28M,,,,,,,,,,,,,,,,,,,,,False,True,False,False,False,True,True,True,12,6,17,"I8V, R26K, L28M, K73R, I75V, H77P, C85H, E103D, T116N, V119A, G136D, T180N","A7T, G28E, E30V, N47T, T122S, S146P","S39A, V59I, R114K, K151R, S254T, L267F, F293L, N310D, C311F, D327G, P330S, S379R, M425L, L438I, I469M, A487G, V585I",not available,not available,not available,susceptible,susceptible,not licensed for subtype,susceptible,susceptible,susceptible,not licensed for subtype,not licensed for subtype
PP101905.1,6xc,6,SOF-DCV,Non SVR,1,,,,,,,,,,,,,,,,,,,,,,,False,False,False,False,False,True,True,True,5,5,20,"Y54H, V75A, M99V, V122I, N124S","L14F, K26R, A47T, I113V, S178T","V11I, R77K, N79S, N95H, N117K, S130N, S190A, T207M, V235T, S255A, D310N, I390T, M414A, T438A, R441K, F474L, S487A, C524Y, V564M, Q566R",not available,not available,not available,susceptible,susceptible,not licensed for subtype,susceptible,susceptible,susceptible,not licensed for subtype,not licensed for subtype
PP101906.1,6g,6,SOF-DCV,Non SVR,1,,,S30A,,,,N62A,,,I36L,,,,,,,,,,,,,False,True,False,False,False,True,True,True,28,15,61,"T21S, S30A, A46V, C53N, H54N, N62A, T64A, K68R, H69N, K73R, H75V, K78R, T79M, I83V, N105G, A122V, V124R, Y129F, I130V, A146S, L158I, V173I, T176S, V183A, M184L, V196T, M197V, T213A","V29A, V35I, I36L, S46T, T47C, L52M, F64L, T89S, A91V, F94L, V107I, S125G, M132L, S146P, A147S","I11V, T46C, V59I, D73A, N77T, S79V, R81K, S84P, T85V, K90D, S110A, L111H, A149P, R150Q, Y162F, G166S, C180R, V184E, A189S, A190S, Q199A, H203Y, R206K, S222R, Q234R, R237H, E246D, A248T, A249T, R250K, D258E, F267Y, A273K, R309K, F311V, V327L, V329N, S330A, S334A, A335N, E353D, N376A, N377E, Q379R, I392L, G431S, V442A, Q461A, S487A, S488C, L491K, K531R, I539L, P540R, G541D, S543A, S544N, G549E, A553S, M571V, S580T",not available,not available,not available,susceptible,susceptible,not licensed for subtype,susceptible,susceptible,susceptible,not licensed for subtype,not licensed for subtype
PP101907.1,6c,6,SOF-DCV,Non SVR,1,,,S30G,,,,N62A,,,I36L,,,,,,,,,,,,,False,True,False,False,False,True,True,True,28,15,64,"T21S, S30G, A46V, C53N, H54N, N62A, T64A, K68R, H69N, K73R, H75V, K78R, T79M, I83V, N105G, A122V, V124R, Y129F, I130V, A146S, L158I, V173I, T176S, V183A, M184L, V196T, M197V, T213A","V29A, V35I, I36L, S46T, T47C, L52M, F64L, T89S, A91V, F94L, V107I, S125G, M132L, S146P, A147S","I11V, T46C, V59I, D73A, N77T, S79V, R81K, S84P, T85V, K90D, S110A, L111H, A112T, A149P, R150Q, K151R, Y162F, G166S, C180R, V184E, A189S, A190S, Q199A, H203Y, R206K, S222R, Q234R, R237H, E246D, A248T, A249T, R250K, D258E, F267Y, A273K, R309K, F311V, V327L, V329N, S330A, S334A, A335S, E353D, I363V, N376A, N377E, Q379R, I392L, G431S, V442A, Q461A, S487A, S488C, L491K, K531R, I539L, P540R, G541D, S543A, S544N, G549E, A553S, M571V, S580T",not available,not available,not available,susceptible,susceptible,not licensed for subtype,susceptible,susceptible,susceptible,not licensed for subtype,not licensed for subtype
PP101908.1,6r,6,SOF-DCV,Non SVR,1,,A28T,S30A,,,S58P,A62V,,,,,,F56Y,,,,,,,,,,True,True,False,False,False,True,True,True,29,11,21,"I8V, I27L, A28T, S30A, T46V, I52V, C53S, H54T, S58P, A62V, V75I, K78R, T83I, K108R, V122L, G125K, A132G, A133V, D136E, S146A, V153L, A164P, L169I, I173V, Y175F, S176T, V177I, S180H, I183V","C7A, Q9K, K26R, F56Y, I71V, S91A, A101S, L127I, M144L, V150A, S174N","V11I, V59I, K77Q, T85V, S131T, K181R, V184L, S190A, Y203R, V207M, S210A, K222R, T248V, K307G, P330T, D353E, R440H, V454I, A488G, I520V, R531K",not available,not available,not available,susceptible,susceptible,not licensed for subtype,susceptible,susceptible,susceptible,not licensed for subtype,not licensed for subtype
PP101909.1,6r,6,SOF-DCV,Non SVR,1,,A28T,S30A,,,S58P,A62V,,,,,,F56Y,,,,,,,,,,True,True,False,False,False,True,True,True,29,11,22,"I8V, I27L, A28T, S30A, T46V, I52V, C53S, H54T, S58P, A62V, V75I, K78R, T83I, K108R, V122L, G125K, A132G, A133V, D136E, S146A, V153L, A164P, L169I, I173V, Y175F, S176T, V177I, S180H, I183V","C7A, Q9K, K26R, F56Y, I71V, S91A, A101S, L127I, M144L, V150A, S174N","V11I, V59I, K77Q, T85V, S131T, K181R, V184L, S190A, Y203R, V207M, S210A, K222R, T248V, K307G, I323V, P330T, D353E, R440H, V454I, A488G, I520V, R531K",not available,not available,not available,susceptible,susceptible,not licensed for subtype,susceptible,susceptible,susceptible,not licensed for subtype,not licensed for subtype
PP101910.1,1a,1,SOF-DCV,Non SVR,1,,,,,,,,,,,,,,Q80K,,,,,,,,,False,False,False,False,False,True,True,True,6,3,8,"R78K, I121V, R123Q, S131T, I144V, E181D","V29A, Q80K, S91T","S5T, L57V, C110S, D135Q, T213N, N444D, S506N, G543S",,80K,444D,susceptible,susceptible,susceptible,susceptible,susceptible,susceptible,susceptible,susceptible
PP101911.1,1a,1,SOF-DCV,Non SVR,1,,,Q30R,,,,,,,,,,,Q80K,,,,,,,,,False,True,False,False,False,True,True,True,8,3,8,"Q30R, R78K, K107E, I121V, R123Q, S131T, I144V, E181D","V29A, Q80K, S91T","S5T, L57V, C110S, D135Q, T213N, N444D, S506N, G543S",30R,80K,444D,reduced susceptibility,reduced susceptibility,resistant,resistant,susceptible,susceptible,susceptible,resistant
PP101912.1,6p,6,SOF-DCV,SVR,0,,,,,,,,,T93S,,,,,,,,,,,,,,False,False,False,False,False,True,True,True,13,10,22,"S3T, S17T, H54Y, S56T, T71S, S75T, T93S, G98S, V101I, I124M, T135A, T197M, L199I","R7H, V29I, I33V, L48I, I71V, T95A, S98T, L132I, A133S, I167L","L59V, D66E, V67F, I71V, R81K, D90A, N120S, I131T, S135P, I186V, P189S, T207I, A252V, M293L, K309R, T393S, M423A, T438S, E446D, F466L, A494V, K535R","not available,",not available,not available,susceptible,substitution on scored position,not licensed for subtype,substitution on scored position,susceptible,susceptible,not licensed for subtype,not licensed for subtype
PP101913.1,6p,6,SOF-DCV,SVR,0,,,,,,,,,,V36I,,,,,,,,,,,,,False,False,False,False,False,True,True,True,9,11,17,"S3T, S56T, T71S, S75T, G98S, V101I, N105S, T135A, D172E","R7H, I33V, I35V, V36I, L48I, I71V, S98T, V107I, A133S, V150A, N174S","L59V, D66E, V67I, I71V, A80V, D90A, S110G, H111L, I116V, I131T, S135P, T207I, V323I, S330P, E446D, F466L, K535R",not available,not available,not available,susceptible,susceptible,not licensed for subtype,susceptible,susceptible,susceptible,not licensed for subtype,not licensed for subtype
PP101914.1,6p,6,SOF-DCV,SVR,0,,,,,,,,,,,,,,,,,,,,,,,False,False,False,False,False,True,True,True,12,8,17,"E50D, C53S, H54Y, S56T, T71S, S75T, G98S, V99I, V101I, C127Y, T135A, T213A","R7H, I35V, L48I, I71V, S98T, A133S, P146S, V150A","I71V, R81K, T85V, D90A, S110G, H111L, I116V, I131T, S135P, K181S, E184D, T207I, V323I, V390I, E446D, F466L, K535R",not available,not available,not available,susceptible,susceptible,not licensed for subtype,susceptible,susceptible,susceptible,not licensed for subtype,not licensed for subtype
PP101915.1,6r,6,SOF-DCV,SVR,0,,G28A,,,,,A62V,,,,,,F56Y,,,,,,,,,,False,True,False,False,False,True,True,True,9,5,9,"I14V, G21E, G28A, A62V, S87R, R176S, V177I, V183I, I184V","C7H, V18I, F56Y, I71V, S174N","V11I, T149A, Y162F, P189S, S190A, V207L, K222R, P330A, R440H",not available,not available,not available,susceptible,susceptible,not licensed for subtype,susceptible,susceptible,susceptible,not licensed for subtype,not licensed for subtype
PP101916.1,6c,6,SOF-DCV,SVR,0,,,S30A,,,,N62T,,,,,,,,,,D168E,,,,,,False,True,False,True,False,True,True,True,30,17,65,"S17A, T21V, A25S, L27V, S30A, I34V, F36L, F43Y, A46V, I52L, T56I, N62T, H69N, K73R, H75T, I83T, H85R, T87S, I101V, R107K, R108K, A122L, N125G, C127Y, P164A, I169L, T176S, S181T, M184L, T213E","L14V, A29V, A45G, S46T, V48I, V71I, R85W, A89P, R92K, A101S, S125G, I132L, L144M, A147M, D168E, S174N, T178S","A9I, L10P, I11V, T42S, S44T, S46A, L47A, V67I, I71V, Q74R, K77T, N79S, D130N, V149I, R150G, T157A, Y162F, G166S, C180Q, V186T, Q206K, N213T, Q234R, Y240F, Q241E, Q244E, E246D, T248A, A252V, T254A, D258E, S273A, Y296F, R307N, T309K, F311Y, S324A, L327A, S330Q, S334N, R345M, Q355H, R362L, H376D, N377T, Q379K, T390I, A414M, L425I, M438T, I454V, Q461H, M469L, A487S, L491K, K523R, R531K, V539L, P540R, A543S, A553S, R556S, Q566R, M571I, T580S",not available,not available,not available,susceptible,susceptible,not licensed for subtype,susceptible,susceptible,susceptible,not licensed for subtype,not licensed for subtype
PP101917.1,6q,6,SOF-DCV,SVR,0,,,,,,,,,,,,,,,,,,,,,,,False,False,False,False,False,True,True,True,5,4,14,"I8V, S17T, T21A, T79M, I83V","F64L, T89S, F94Y, M132L","V11I, E19D, L60V, Q65H, V184L, L186V, H237N, A273S, L293M, F296Y, V327M, V393A, C488S, K531R",not available,not available,not available,susceptible,susceptible,not licensed for subtype,susceptible,susceptible,susceptible,not licensed for subtype,not licensed for subtype
PP101918.1,6e,6,SOF-DCV,SVR,0,K24R,V28M,,,,,A62R,,,V36L,,,,,,,,,,,,,False,True,False,False,False,True,True,True,22,6,15,"A21T, K24R, V28M, V34I, F37L, A46T, A62R, K68R, K73R, V75A, N105D, I121V, R123Q, V124I, V130I, A135T, A164V, R166G, V173I, V183A, V196T, A207T","E28Q, V33I, V36L, T47G, L82M, I114V","T46A, I71M, N77K, I116V, V184T, S222R, K251T, R309K, V327L, A333T, R355Q, V442A, L491K, S543G, S544T",not available,not available,not available,susceptible,susceptible,not licensed for subtype,susceptible,susceptible,susceptible,not licensed for subtype,not licensed for subtype
PP101919.1,6r,6,SOF-DCV,SVR,0,,G28T,,,,,A62V,,,,,,,,,,,,,,,,False,True,False,False,False,True,True,True,10,2,8,"I14V, G21E, G28T, A62V, S87R, S164L, E172D, R176S, V177I, T213A","M144L, V150A","H65Y, K77T, T149A, Y162F, V207L, P330A, V421A, R440H",not available,not available,not available,susceptible,susceptible,not licensed for subtype,susceptible,susceptible,susceptible,not licensed for subtype,not licensed for subtype
PP101920.1,6r,6,SOF-DCV,SVR,0,,G28A,,,,,A62V,,,,,,F56Y,,,,,,,,,,False,True,False,False,False,True,True,True,13,3,15,"I14V, G21Q, G25A, G28A, T54S, A62V, R73K, S87R, L122V, V153L, S164A, R176S, V183I","C7H, T47S, F56Y","V11I, V60L, A73T, H111Y, T149A, Y162F, V178I, P189S, V207L, S210A, K222R, K307G, P330A, R440H, R531K",not available,not available,not available,susceptible,susceptible,not licensed for subtype,susceptible,susceptible,susceptible,not licensed for subtype,not licensed for subtype
PP101921.1,6q,6,SOF-DCV,SVR,0,,V28M,,,,,,,,I36V,,,,,,,,,,,,,False,True,False,False,False,True,True,True,5,10,14,"T21A, V28M, I34V, I83T, S181N","C7S, I36V, F64L, M82L, T89S, F94Y, P96T, M132L, S146P, A147S","T25A, S42T, E77G, S79N, S90D, S130N, R150H, A238D, A273S, L392I, V393A, V442A, T455A, K531R",not available,not available,not available,susceptible,susceptible,not licensed for subtype,susceptible,susceptible,susceptible,not licensed for subtype,not licensed for subtype
PP101922.1,6r,6,SOF-DCV,SVR,0,,G28A,,,,,,,,,,,,,,,,,,,,,False,True,False,False,False,True,True,True,12,3,12,"I8V, D10E, I14V, G21E, G28A, S87R, I101V, S164P, E171D, E172D, R176S, V177I","V35I, V107I, V150A","K77T, T149A, Y162F, G166A, V207L, R234H, T235I, D310N, P330A, R355H, R440H, M571K",not available,not available,not available,susceptible,susceptible,not licensed for subtype,susceptible,susceptible,susceptible,not licensed for subtype,not licensed for subtype
PP101923.1,6s,6,SOF-DCV,SVR,0,,L28M,,,,,,,,,,,,,,,,,,,,,False,True,False,False,False,True,True,True,10,4,9,"K20R, R26K, L28M, S71T, I75V, H77P, C85H, T116E, A135S, G136D","V48I, T122S, S125G, S146P","S112A, R114K, N120S, F293L, C311F, D327G, S379R, L438I, I469M",not available,not available,not available,susceptible,susceptible,not licensed for subtype,susceptible,susceptible,susceptible,not licensed for subtype,not licensed for subtype
PP101924.1,6s,6,SOF-DCV,SVR,0,,,,,,,,,,,,,,,,,,,,,,,False,False,False,False,False,True,True,True,15,8,16,"I8V, K20R, R26K, T64A, S71T, I75V, H77P, C85H, E103D, T116E, V133A, G136D, D171E, V173I, T180N","A7T, V18I, G28E, N47T, M52T, T122S, S133R, S146P","S39A, D66E, R114K, K151R, E246Q, K251R, S254T, L267F, F293L, C311F, D327G, P330S, S379R, M425L, L438I, I469M",not available,not available,not available,susceptible,susceptible,not licensed for subtype,susceptible,susceptible,susceptible,not licensed for subtype,not licensed for subtype
PP101925.1,6q,6,SOF-DCV,SVR,0,,V28M,,,,,N62Q,,,,,,,,,,,,,,,V321I,False,True,False,False,False,True,True,True,19,13,42,"T21A, A25T, V28M, A46T, N62Q, K68R, H69N, H75T, T79M, I83T, N105S, R108K, N125G, C127N, G155N, V173I, T176S, S181T, M184I","V35I, S46T, V51A, F64L, V71I, M82L, T89P, F94L, Y105F, N110D, M132L, V143I, S146G","I9M, V11I, A16P, T25A, L36M, S46P, I71V, E77K, R81K, E107D, R150H, L178I, L186V, Q234D, A238S, D246E, V252A, C262R, R270K, A273S, F296Y, N310D, V321I, V327A, I333S, P356A, T364S, T390I, V393A, T403A, H440Q, R441K, V442T, I447M, S487A, A519G, K531R, R540P, T544N, A552V, P553A, R566Q",not available,not available,not available,susceptible,susceptible,not licensed for subtype,susceptible,susceptible,susceptible,not licensed for subtype,not licensed for subtype
PP101926.1,6q,6,SOF-DCV,SVR,0,,,,,,,,,,,,,,,,,,,,,,,False,False,False,False,False,True,True,True,6,6,11,"K68R, V131I, V173I, T176S, V183A, L199V","C7S, V33I, F64L, T89P, M132L, V143I","I71T, S130C, P149L, Q234R, A238D, V252A, A273S, I333A, L392I, V393A, T544D",not available,not available,not available,susceptible,susceptible,not licensed for subtype,susceptible,susceptible,susceptible,not licensed for subtype,not licensed for subtype
PP101927.1,6p,6,SOF-DCV,SVR,0,,,,,,,,,,,,,,,,,,,,,,,False,False,False,False,False,True,True,True,11,10,23,"S3T, D7E, H54Y, S56T, T71S, S75T, G98S, V101I, T135A, A164T, T213A","R7H, I33V, I35V, L48I, I71V, S98T, N110S, A133S, V150A, N174S","S46P, D66E, V67F, I71V, D90A, H111L, I116V, E124K, I131T, S135P, T207I, V323I, S330P, L392F, T393S, L425M, T438A, V442A, E446D, F466L, R523Q, K535R, T571K",not available,not available,not available,susceptible,susceptible,not licensed for subtype,susceptible,susceptible,susceptible,not licensed for subtype,not licensed for subtype
PP101928.1,6q,6,SOF-DCV,SVR,0,,,,,,,,,,I36V,,,,,,,,,,,,,False,False,False,False,False,True,True,True,4,6,14,"K78R, T176S, V183A, L199V","E30D, V35I, I36V, F64L, T89P, M132L","T25A, K100R, S130C, P133L, P156S, Q234R, T235N, A238D, A273S, T276M, V327A, L392I, V393A, G476S",not available,not available,not available,susceptible,susceptible,not licensed for subtype,susceptible,susceptible,susceptible,not licensed for subtype,not licensed for subtype
PP101929.1,6e,6,SOF-DCV,SVR,0,,,,,,,A62Q,,,,,,,,,,,,,,,,False,False,False,False,False,True,False,True,19,0,24,"A21T, A46T, C54Y, A62Q, V83I, I121V, R123Q, V124I, K125N, D126N, C127Y, V130I, G155N, A164V, R166K, D171E, H180N, V183A, A207T",,"I11V, M36L, V59I, N77R, I116V, L127Q, N130T, A149I, R150Q, S222R, I239V, T254D, R309K, V327L, A333I, S334G, N376D, N377K, K441R, V442A, L491K, I520L, S543G, S544T",not available,not available,not available,susceptible,susceptible,not licensed for subtype,susceptible,susceptible,susceptible,not licensed for subtype,not licensed for subtype
PP101930.1,6p,6,SOF-DCV,SVR,0,,,,,,,,,,V36I,,,,,,,,,,,,,False,False,False,False,False,True,True,True,8,12,21,"S56T, T71S, S75T, G98S, V101I, T135A, A164V, D172E","R7H, I33V, I35V, V36I, L48I, I71V, P89S, S98T, V107I, A133S, V150A, N174S","N65S, D66E, V67F, I71V, D90A, H111L, I131T, S135P, D148N, T207I, Y267H, V323I, S330P, G334E, G376S, T393A, E446D, F466L, A487S, I520V, K535R",not available,not available,not available,susceptible,susceptible,not licensed for subtype,susceptible,susceptible,susceptible,not licensed for subtype,not licensed for subtype
PP101931.1,6e,6,SOF-DCV,SVR,0,,,,,,,A62S,,,,,,,,,,,,,,,,False,False,False,False,False,True,True,True,16,5,18,"A46T, C54Y, A62S, V75A, V83I, K107N, I121V, V122A, R123Q, V124I, D126G, A164V, R166K, V183A, S186A, A207T","V33I, A45G, R92K, V143L, I167L","M36L, V57I, N77K, A149T, S222R, R237C, Q244E, T254I, R309K, V327A, A333T, I392L, V442A, I520L, K523R, S543G, S544T, M571V",not available,not available,not available,susceptible,susceptible,not licensed for subtype,susceptible,susceptible,susceptible,not licensed for subtype,not licensed for subtype
PP101932.1,6e,6,SOF-DCV,SVR,0,,,,,,,A62Q,,,,,,,,,,,,,,,,False,False,False,False,False,True,True,True,16,1,13,"A21T, A25T, A46T, I52V, C54Y, A62Q, V75A, V83I, K107R, I121V, V124I, V153L, V183A, V196A, I209V, T213A",V150A,"H63Y, N77R, S110N, A149T, V184T, S222R, Q244E, V327M, A333I, E341G, V442A, S543G, S544T",not available,not available,not available,susceptible,susceptible,not licensed for subtype,susceptible,susceptible,susceptible,not licensed for subtype,not licensed for subtype
PP101933.1,6r,6,SOF-DCV,SVR,0,,G28A,,,,,A62V,,,,,,,,,,,,,,,,False,True,False,False,False,True,True,True,9,3,14,"I14V, G21E, G28A, A62V, S87R, D126E, S164P, R176S, V177I","L14V, I71V, V150A","V57I, K77Q, T149A, Y162F, V207L, T235I, D310N, P330A, S334N, D353N, L392F, T393A, R440H, A580T",not available,not available,not available,susceptible,susceptible,not licensed for subtype,susceptible,susceptible,susceptible,not licensed for subtype,not licensed for subtype
PP101934.1,6e,6,SOF-DCV,SVR,0,,,,,,,A62T,,,,,,,,,,,,,,,,False,False,False,False,False,True,True,True,11,1,16,"A21T, A46T, A62T, V75A, I121V, R123Q, V124I, D126G, A135T, A164V, V183A",T47A,"M36L, T46V, I71M, N77K, A149V, S222R, Q244E, A252V, T254A, R309K, V327L, A333T, V442A, K523R, S543G, S544T",not available,not available,not available,susceptible,susceptible,not licensed for subtype,susceptible,susceptible,susceptible,not licensed for subtype,not licensed for subtype
PP101935.1,6e,6,SOF-DCV,SVR,0,,,,,,,A62Q,,,,,,,,,,,,,,,,False,False,False,False,False,True,False,True,14,0,11,"A21T, A46T, C54Y, A62Q, V75A, N105S, I121V, V124I, A164T, V183A, V196A, S204T, A207T, T213A",,"T46A, Q65H, N77K, A112T, S222R, Q244E, R309K, N376G, V442A, S543G, S544T",not available,not available,not available,susceptible,susceptible,not licensed for subtype,susceptible,susceptible,susceptible,not licensed for subtype,not licensed for subtype
PP101936.1,6p,6,SOF-DCV,SVR,0,,V28M,,,,,M62V,,,V36I,,,,,,,,,,,,,False,True,False,False,False,True,True,True,16,11,19,"S3T, A25T, V28M, C53S, S56T, M62V, T71S, K73R, S75T, G98S, V101I, D117E, T135A, D172E, T174S, M184I","R7H, I33V, I35V, V36I, T47A, L48I, I71V, S98A, V107I, A133S, V150A","S46P, N65S, D66E, V67F, I71V, R81K, T85M, D90A, H111L, I116V, I131T, S135P, T207I, V323I, S330P, E446D, F466L, I520V, K535R",not available,not available,not available,susceptible,susceptible,not licensed for subtype,susceptible,susceptible,susceptible,not licensed for subtype,not licensed for subtype
PP101937.1,6q,6,SOF-DCV,SVR,0,,,,,,,N62H,,,,,,,,,,,,,,,,False,False,False,False,False,True,True,True,4,5,15,"I8V, N62H, K78R, T176S","V33I, T47S, F64L, T89Q, M132L","T25A, S42T, R81K, S110N, N117D, P156S, Q234L, A273S, V327A, V393A, I447M, K531R, T544S, R556C, R566Q",not available,not available,not available,susceptible,susceptible,not licensed for subtype,susceptible,susceptible,susceptible,not licensed for subtype,not licensed for subtype
PP101938.1,6g,6,SOF-DCV,SVR,0,,,S30A,,,,N62A,,,I36V,,,,,,,,,,,,,False,True,False,False,False,True,True,True,23,17,64,"A25S, S30A, A46V, I52V, C53N, H54N, N62A, T64V, K68R, H69N, H75S, K78R, T79A, I83T, E103G, N105S, A122V, V124H, I130V, A146S, T176S, V196T, M197V","V35I, I36V, S46T, T47C, L52M, F64L, V71I, T89L, F94L, T98S, V107I, S125G, M132L, L144M, S146P, A147S, A150V","M36L, T46C, V59I, D73V, N77T, S79T, R81K, S84P, T85V, K90D, S110A, L111H, A149P, R150Q, Y162F, G166S, C180R, V184E, A189S, A190S, Q199A, H203Y, R206K, S222R, Q234R, R237H, E246D, A248T, A249T, R250K, A252V, D258E, F267Y, A273K, R309K, F311V, V327L, V329N, S330A, S334A, A335N, A338V, E353D, N376A, N377E, Q379R, I392L, G431S, V442A, Q461V, S487A, S488C, L491K, K523R, K531R, I539L, P540R, G541D, S543A, S544N, G549E, A553S, M571V, S580T",not available,not available,not available,susceptible,susceptible,not licensed for subtype,susceptible,susceptible,susceptible,not licensed for subtype,not licensed for subtype
PP101939.1,6xc,6,SOF-DCV,SVR,0,,,,,,,,,,,,,,,,,,,,,,,False,False,False,False,False,True,True,True,5,4,19,"V46A, M99V, I101V, K125R, V131I","I113V, G120S, S146P, C159V","L36M, V60L, R77K, N79S, S84T, N95H, S130N, S190A, T207M, V235T, C262S, D310N, M414A, T438A, F474L, S487A, C524Y, Q566R, S580T",not available,not available,not available,susceptible,susceptible,not licensed for subtype,susceptible,susceptible,susceptible,not licensed for subtype,not licensed for subtype
PP101940.1,6xc,6,SOF-DCV,SVR,0,,V28M,,L31M,,,,,,,,,,,,,,,,,,,False,True,False,False,False,True,True,True,7,5,19,"V28M, L31M, I52V, V75I, M99V, N124H, V156I","A47T, I113V, G125S, S146P, I170V","R77K, N79S, N95H, S130N, R180C, S190A, T207M, V235T, D310N, A333T, I390T, M414A, T438A, V454I, A471V, F474L, C524Y, G543S, Q566R",not available,not available,not available,susceptible,susceptible,not licensed for subtype,susceptible,susceptible,susceptible,not licensed for subtype,not licensed for subtype
PP092205.1,6e,6,SOF-VEL,SVR,0,Q24K,L28M,Q30S,,,,T62A,,,,,,,Q80L,,,D168E,L159F,,,,,True,True,False,True,False,True,True,True,51,35,123,"A7D, I8V, A15V, T17S, A21T, Q24K, L27I, L28M, Q30S, V34I, L37V, R44K, S54T, K56T, T62A, S64T, K68R, T71S, K78N, H85Q, T95S, A101V, F108T, L110I, G114S, A116D, A119V, R122T, V124H, G125K, I130V, V133M, Q135S, S146A, T151S, E152F, L153V, I158V, C165L, N166K, L168M, E171D, C174Q, S181H, F182Y, V183C, V196A, T197V, S204R, A207D, T213Q","L14F, R26K, Q28S, I33V, T42S, T47N, I48V, L52M, L64I, K69G, L71I, C72N, Q80L, P89A, A91S, K92R, Y94L, A96P, T98S, T104L, Y105F, G111A, A116V, K119R, S122T, A124G, I132L, V143L, P146S, S147A, V150A, I153V, C159V, A160T, D168E","I11V, A13P, A15G, A16P, I31M, L36M, T41S, L47Q, K50R, V60L, Q62K, Y63H, H65D, T67I, L68V, L73A, K77G, V78L, S79K, A80V, G81R, L82M, S84T, V85T, P94A, D107E, A112D, S113R, V116I, K124E, E128S, K130N, T131H, T132E, I138V, N142S, E148D, P149V, L159F, G166S, V169T, I173K, I178M, R180Q, T184V, V186I, A189G, D199Q, H203Y, L207A, R209G, K212R, S218A, R231T, R234K, A237T, D238E, S242Q, Q244E, L245M, Q246E, D251K, I253V, T254A, C262I, S273T, P286T, M293L, L297I, Q300T, C303S, K304R, R309V, D310S, F311P, D312T, C324S, A327K, Q330E, V333A, A335S, D352DE, D353P, L362H, I374H, D376G, T377A, T389V, A395APST, T399APST, A400APST, M425L, A435S, V438Q, G440E, N441K, P442V, T455C, Q464E, M469L, N476G, G486A, C488A, A494V, V507I, K517R, A518H, I520K, K523Y, R531K, S534L, R540P, D541E, L544H, T552V, S553A, F555A, S556G, I560V, V564A, L571Y, L572F, A590S",not available,not available,not available,susceptible,susceptible,not licensed for subtype,susceptible,susceptible,susceptible,not licensed for subtype,not licensed for subtype
PP092206.1,6g,6,SOF-DCV,SVR,0,,L28F,R30S,M31L,,T58P,E62L,A92S,Y93S,V36L,,,,Q80K,,,,,,,,,True,True,False,False,False,True,True,True,56,30,118,"W6S, E7D, I8V, D10N, F19L, T21S, L28F, R30S, M31L, V34I, F36Y, F37L, R41T, Y43F, V52I, M53N, H54T, T58P, E62L, L63I, A64T, R73KR, P77S, T79L, G86N, T87S, A92S, Y93S, T95S, D105N, V108T, S114A, V119I, R122T, R123Q, V124F, G125R, D126Q, F127L, V133Q, Q135A, I138L, A146S, T151S, E152Y, A164E, C165V, T174S, S176T, T181S, F182Y, A197T, T204K, S207A, E212Q, A213T","E28V, I33V, V36L, A45G, A47T, G66A, V71L, C72V, Q80K, C91A, R92K, S98T, S101A, N110Q, A116V, A124G, I132L, M143L, L144M, P146C, S147A, A151V, I153L, C159V, S166A, L167V, M175L, Q176E, S177T, V179A","V11I, A15G, A16P, S19E, S24N, L31I, A39S, T41S, R43KR, T46A, T47Q, V60F, K62L, H65E, D66N, Q69K, A73Q, T77E, T79K, A80V, A82T, D90H, K98R, D107E, H111L, S112D, R113KR, L126F, E128S, N131S, T132E, I134V, S146C, K148D, E150AV, E177D, V178M, V179T, N181K, R184V, V186L, A189G, A198Q, A206K, R209G, K231R, E237T, V239I, Q241L, C242Q, C243T, N244S, L245M, A249T, K251T, I253V, T254K, A255S, V262C, Y267F, D272Q, L273T, V276Y, F285L, T286P, L289M, L293I, T300S, T303A, K309EK, D310S, C311P, G327L, E330GR, G333E, R334A, A353P, P356A, A357E, L362K, A376G, A377S, V381Y, E389V, L414M, A421V, S431G, S435R, Q436R, A438E, L443M, M447I, A461Y, Q464E, S470A, T473S, H480G, N483T, C488A, K517R, K519S, I520IV, V523R, L536I, A541G, A542T, A543T, L545F, S549N, V553A, A555F, I560V, V564A, H566R, L572F, I585L, F586V, A590N","30S,31L,93S",not available,not available,susceptible,substitution on scored position,resistant,resistant,susceptible,susceptible,not licensed for subtype,reduced susceptibility
OR594285.1,4c,4,SOF-DCV,SVR,0,,L28M,,M31L,,,,,,,,,,,,,,,,,,,False,True,False,False,False,True,True,True,24,10,45,"D7E, I8V, T21V, L28M, M31L, L37I, K41R, E46V, E50D, T56S, I67V, I74V, G98S, V99I, N105D, D126E, I130V, I138L, P164Q, L168M, A174S, T176M, S181T, A213T","L14F, C30S, S61C, K92R, A101S, F105Y, T122N, R123K, S125A, V151A","C14S, T42S, T46V, N62S, N65H, A73T, V85T, R98K, S112A, T131N, A146C, R173K, H176Y, A178V, E202D, S206A, S207A, K209G, A210S, K212R, T213V, K231R, A252V, K270R, Y276L, Y285F, R304K, L308I, R309K, C311S, I323V, D327G, V353A, H362Q, K380R, A435S, S488T, R517K, R519K, I523V, K535R, P540S, S549G, T552K, M564V","30R,31L",not available,not available,susceptible,susceptible,substitution on scored position,substitution on scored position,susceptible,susceptible,susceptible,susceptible
OP555741.1,4d,4,GZR-EBR,Non SVR,1,,,,,,T58P,,,,,,,,,,,,,,,,,False,False,False,False,False,True,True,True,9,6,9,"V34I, F37L, T58P, D105N, V108F, D126E, L168M, T174F, S176T","V33I, T95A, N110H, L116V, I127L, A150V","V46A, D66E, T130N, K180R, K231R, K270R, I276T, S488C, K517R",,not available,not available,susceptible,susceptible,susceptible,susceptible,susceptible,susceptible,susceptible,susceptible
OP555739.1,4d,4,GZR-EBR,SVR,0,,,,,,T58S,,,,,,,,,,,,,,,,,False,False,False,False,False,True,True,True,10,7,12,"V34I, T58S, D105N, V108F, D126E, V130I, L168M, D171E, E172G, S176A","V33I, V51A, T95V, N110H, L116V, I127L, A150V","V46A, H63Y, D66E, E128A, T130N, A178AT, D189N, K231R, K270R, I276T, I512V, K517R",,not available,not available,susceptible,susceptible,susceptible,susceptible,susceptible,susceptible,susceptible,susceptible
OP555740.1,4d,4,GZR-EBR,SVR,0,,,,,,T58PS,,,,,,,,,,,,,,,,,False,False,False,False,False,True,True,True,11,6,13,"V34I, V46E, T58PS, D105N, V108F, D126E, V130I, L168M, D171E, E172D, S176A","V33I, T95V, N110H, L116V, I127L, A150V","V46A, H63Y, D66E, E128A, T130N, P156S, A178V, D189N, K231R, K270R, I276T, I512V, K517R",,not available,not available,susceptible,susceptible,susceptible,susceptible,susceptible,susceptible,susceptible,susceptible
MZ171134.1,6xb,6,SOF-VEL,SVR,0,,,,,,,,,,,,,,,,,,,,,,,False,False,False,False,False,True,True,True,3,4,17,"T25S, L34V, I158L","A61S, A98T, T134I, T179A","M47T, V57I, L59V, T73A, T79S, A112T, S132T, T149A, D189G, K206R, S222R, Q247S, E250Q, S548R, S556R, M571L, C575G",not available,not available,not available,susceptible,susceptible,not licensed for subtype,susceptible,susceptible,susceptible,not licensed for subtype,not licensed for subtype
MZ171133.1,6xb,6,SOF-VEL,SVR,0,,,,,,,,,,,,,,,,,,,,,,,False,False,False,False,False,True,True,True,5,4,17,"V15I, T25S, L34V, I158L, I173V","A61S, A98T, S174N, T179A","M47T, V57I, L59V, T73A, T79S, A112T, S132T, T149A, D189G, K206R, S222R, Q247S, E250Q, S548C, F551C, M571L, C575G",not available,not available,not available,susceptible,susceptible,not licensed for subtype,susceptible,susceptible,susceptible,not licensed for subtype,not licensed for subtype
MZ171132.1,6xb,6,SOF-VEL,Non SVR,1,,,,,,,,,,,,,,,,,,,,,,,False,False,False,False,False,True,True,True,6,3,19,"V21T, L34V, G125A, P147S, T151I, I158L","A61S, A98S, T179A","V57M, L59V, H63Y, T73A, D90S, T149A, F162Y, I178V, K206R, S222R, Q247S, E250Q, L262I, V442A, I447M, S548C, F551C, M571L, C575G",not available,not available,not available,susceptible,susceptible,not licensed for subtype,susceptible,susceptible,susceptible,not licensed for subtype,not licensed for subtype
MZ171131.1,6xb,6,SOF-VEL,SVR,0,,,,,,,,,,,,,,,,,,,,,,,False,False,False,False,False,True,True,True,3,3,20,"L34V, I158L, I173V","A61S, A98S, T179A","M47L, K50R, L59V, T73A, D90S, I116V, N130S, I178V, K198R, K206R, T213I, S222R, Q247S, E250Q, I389T, I447M, S548C, F551C, M571L, C575G",not available,not available,not available,susceptible,susceptible,not licensed for subtype,susceptible,susceptible,susceptible,not licensed for subtype,not licensed for subtype
MZ171130.1,6xb,6,SOF-VEL,SVR,0,,,,,,,,,,,,,,,,,,,,,,,False,False,False,False,False,True,True,True,4,5,21,"L34V, S75I, I158L, I173V","A61S, V71I, A98S, I153L, T179A","V57I, L59V, L60F, T73A, D90S, K114N, I116V, I178V, K198R, K206R, S222R, V239I, Q247P, E250Q, R254H, L262I, T344I, S548C, F551C, M571L, C575G",not available,not available,not available,susceptible,susceptible,not licensed for subtype,susceptible,susceptible,susceptible,not licensed for subtype,not licensed for subtype
MZ171129.1,6xb,6,SOF-VEL,SVR,0,,,,,,,,,,,,,,,,,,,,,,,False,False,False,False,False,True,True,True,3,3,17,"L34V, I158L, V199I","A61S, A98T, T179A","L59V, T73A, D90S, I116V, I178V, K206R, S222R, S242A, Q247S, E250Q, L262I, I447M, N544T, S548C, F551C, M571L, C575G",not available,not available,not available,susceptible,susceptible,not licensed for subtype,susceptible,susceptible,susceptible,not licensed for subtype,not licensed for subtype
MZ171128.1,6xb,6,SOF-VEL,SVR,0,,,,,,,,,,,,,,,,,,,,,,,False,False,False,False,False,True,True,True,3,5,21,"T25S, L34V, I173V","A61S, A98T, I132L, S174N, T179A","V57M, L59V, L60F, K65N, T73A, D90S, I116V, T149A, I178V, K206R, S222R, Q247P, E250Q, L262I, R270Q, L285F, L289I, L425M, I447M, M571L, C575G",not available,not available,not available,susceptible,susceptible,not licensed for subtype,susceptible,susceptible,susceptible,not licensed for subtype,not licensed for subtype
MZ171127.1,6xb,6,SOF-VEL,SVR,0,,,,,,,,,,,,,,,,,,,,,,,False,False,False,False,False,True,True,True,4,4,18,"L34V, V99M, I101V, G125D","A61S, A98T, V150I, T179A","V57M, L59V, T73A, D90S, S132T, V160I, I178V, K206R, S222K, Q247L, E250Q, L262I, Y267H, T276I, S487A, N517S, M571L, C575G",not available,not available,not available,susceptible,susceptible,not licensed for subtype,susceptible,susceptible,susceptible,not licensed for subtype,not licensed for subtype
OM525854.1,1j,1,SOF-VEL,SVR,0,,M28V,Q30S,M31L,,,,,,,,,,Q80K,,,,,,,,,True,True,False,False,False,True,True,True,15,13,58,"V12I, I27L, M28V, Q30S, M31L, N54H, I74L, K78R, T101A, T107K, R123Q, I130V, N137K, Q181H, L183V","V29A, I33V, C52M, P67S, R68K, V71I, Q80K, A91S, S101A, S147A, I153L, S174T, M179A","T5S, N19S, S46T, S62A, A71V, V85I, E87D, R98K, S112A, S113R, R117N, Q124E, E131V, K148Q, I184Q, D189P, S190A, S198T, V205L, K212R, A231H, L239I, C242S, D244N, A246D, E248Q, K270R, L297I, T300Q, G327A, Q330H, A333E, D375G, K379E, E389T, I424V, Q436R, E437D, T438E, H440E, T441K, C451T, Q458D, Q461P, Q464E, V499T, Q506S, R510K, I512L, G517K, I520L, K523R, K531R, S541A, L544Q, H566R, M573F, W574F",28V,"80K,174T",,susceptible,substitution on scored position,susceptible,susceptible,susceptible,susceptible,susceptible,susceptible
OM525855.1,2q,2,SOF-VEL,SVR,0,,,,L31M,,,N62V,,,,,,F56Y,,,,,,,,,,False,True,False,False,False,True,True,True,23,12,48,"S6H, D10E, V12I, T14S, T17A, S25A, L31M, L34I, V46T, I52V, N62V, N66H, R73K, T83I, H104P, I110V, A116S, D117E, R123Q, D126H, N135T, T146A, T164V","T7A, T40A, S42T, F56Y, K62R, T63G, T76S, E95D, R119K, S134V, S174T, V177I","G15N, S39C, Q47L, L59V, H63Y, N81R, S110N, R113K, K114R, D117N, Q130N, Q131D, I147V, A156P, T179A, L241T, M267L, L285F, I293M, V309I, K355R, L374V, Q376A, H377Q, M381R, S389T, L392I, A393S, V421A, E437D, D442N, L457M, G476S, T480N, T483N, A487S, A504G, I512L, S513A, Q514R, F523R, R531K, R534L, A541E, R544L, R568P, F571Y, I585L",not available,not available,not available,susceptible,susceptible,not licensed for subtype,not licensed for subtype,susceptible,susceptible,not licensed for subtype,not licensed for subtype
OM525856.1,1n,1,SOF-VEL,SVR,0,,A28M,,,,,,,,,,,,,,,,,,,,I321V,False,True,False,False,False,True,True,True,20,16,45,"E7D, I8V, C17S, S21I, A28M, I34V, T64S, S71T, S77P, K78R, N85G, A103V, T107K, F108V, A114S, L153V, F161Y, R176K, E181D, S197T","V18I, A39G, A40T, V51A, P61S, S66G, S67D, R68K, P86V, Q89K, A91S, S92R, T122S, I170V, A176E, S178T","V11I, N81T, N120R, N130S, E131T, A148Q, E177D, P184Q, S198G, D202E, S210A, L215M, S231N, C242S, R270K, K300L, A302S, I321V, I322V, D327E, H335S, L419I, V424I, I434M, Q436R, D437E, Q440E, N444D, H448Y, L461Q, S480G, I482L, T499A, M512L, M514R, T520I, P540A, L544Q, S549G, T552V, F573L, W574F, S580A, V581A, V585I",30Q,"122S,170V",,susceptible,susceptible,substitution on scored position,susceptible,susceptible,susceptible,susceptible,susceptible
OM525857.1,2d,2,SOF-VEL,SVR,0,,L28F,,,,,,,,,,,,,,,,,,,,,False,True,False,False,False,True,True,True,7,2,24,"V8I, T15I, L28F, R41K, K73R, R123Q, P126Q","T7A, L127I","V57M, A59L, N65D, I71V, I85M, S90A, C101Y, R120Q, E124K, Q131E, D135E, A156P, I184F, T198A, V252A, A273T, V309I, A338V, P376L, Q414L, V434I, V520T, G549S, L585I",not available,not available,not available,susceptible,susceptible,not licensed for subtype,not licensed for subtype,susceptible,susceptible,not licensed for subtype,not licensed for subtype
OM525858.1,2k,2,SOF-VEL,SVR,0,,L28F,,L31M,,,,,,,,,,,,,,,,,,,False,True,False,False,False,True,True,True,22,13,51,"S6R, T14S, L28F, L31M, L34I, K41R, R44K, Q97S, V99M, H104P, A116S, D117E, D126Q, N135S, V140I, L144I, T146S, I169F, S174V, S176T, E212A, A213T","V18A, S20A, N61S, S67P, T76S, L132V, S134G, I172V, A174S, D176E, V177I, V178T, T179M","H33Y, A46S, L47Q, T57V, I59Q, S66Q, V67A, N81E, T84S, M85I, Y103F, M111L, S112A, K120Q, E124K, T131D, A150M, Q180R, R184Q, V186I, E202D, D213N, V215M, E247K, Q248E, I251V, M267L, N269S, F285L, V297L, L300Q, T329E, R355K, P356A, R377K, R379K, V400A, R401K, Y415F, V421A, Y430F, L434S, D437N, N440D, V454I, I520V, L544H, S548T, R566H, C580T, V585I",not available,not available,not available,susceptible,susceptible,not licensed for subtype,not licensed for subtype,susceptible,susceptible,not licensed for subtype,not licensed for subtype
OM525859.1,1n,1,SOF-VEL,SVR,0,,,S30M,V31L,,,E62Q,,H93Y,V36M,,,,L80R,,,,,,,,,False,True,False,False,False,True,True,True,37,26,88,"R6G, D7A, D10E, I12V, V15T, S17A, T21N, I23L, S30M, V31L, I34V, L37F, R41K, R48S, D50N, R56V, E62Q, S64A, V75T, A79F, H93Y, H104P, S107K, V108F, V130I, M133V, T135Q, D136E, N137G, L169I, E171D, Q176S, H181S, V183A, V184I, A197T, S213T","I18V, V29A, V36M, T40S, V48I, A61N, R62K, N63D, I71V, I72C, L80R, Q86P, Q89A, L94M, V95T, A101S, S102A, M104L, I114V, S122T, A125G, S128A, R130K, L132I, V151A, V170I","T5S, L10M, N24S, A25P, L31I, M36L, A39S, S46V, M57L, D62S, H63Y, R65Q, D66E, V67E, K81H, S84T, V85I, E87Q, Q90D, K106A, N110S, L111Y, V116I, N117R, K124E, Q127L, T130N, E131Q, Q148K, F162Y, M173R, V179I, S180Q, T181K, Q184V, G198A, Q199E, E202K, N206S, K209S, C213T, A218S, S231N, I262V, S300A, K307G, T329V, Q330H, V338A, P353S, E357A, T377S, V381Q, T389E, T390I, A400V, M414V, I424V, L434V, E440Q, K441R, D444Q, Q446E, Y448H, E455Q, Q461P, Q464E, S470G, S473T, G480V, I482L, S487G, C488S, V494A, L512I, R517K, T520I, K523R, R531K, I539L, P540R, A541E, S549N, V552T, L564V, W574F, Y586F, N590A",93Y,"36M,170I","414V,448H",susceptible,substitution on scored position,substitution on scored position,substitution on scored position,susceptible,substitution on scored position,substitution on scored position,substitution on scored position
OM525860.1,2d,2,SOF-VEL,SVR,0,,L28F,,,,,,,,,,,,,,,,,,,,,False,True,False,False,False,True,True,True,7,2,30,"V8I, T15I, L28F, R41K, P126Q, V130I, P164T","T7A, E95D","L10M, P16S, A59L, N65D, I71V, S90A, C101Y, N117D, Q131E, A189P, T198A, V252A, A273T, I293M, K304R, V309I, V322I, T340A, R377Q, V434M, T488A, I512L, Q514R, V520I, Q544R, G549S, G557W, R570S, G575S, L585I",not available,not available,not available,susceptible,susceptible,not licensed for subtype,not licensed for subtype,susceptible,susceptible,not licensed for subtype,not licensed for subtype
OM525861.1,2d,2,SOF-VEL,Non SVR,1,,L28F,,,,,,,,,,,,,,,,,,,,,False,True,False,False,False,True,True,True,10,5,15,"T15I, L28F, R41K, K73R, T83I, A116S, V121I, L144I, P164T, A213T","T7A, V33I, V102A, S134T, L175I","C14G, A59L, N65D, S90L, C101Y, T198A, D202E, V252A, A273T, P376L, V434I, V520I, G549S, S580C, L585I",not available,not available,not available,susceptible,susceptible,not licensed for subtype,not licensed for subtype,susceptible,susceptible,not licensed for subtype,not licensed for subtype
OM525862.1,1g,1,SOF-VEL,SVR,0,Q24K,L28V,R30S,,,,,,Y93N,,,,,,,,,,,,,,True,True,False,False,False,True,True,True,18,16,47,"K6R, Q24K, S25A, L28V, R30S, L34I, Q54L, I63L, I74L, K78R, Y93N, V153L, V164P, E171D, V174S, Q181H, L183V, T213A","S7A, V35I, S42T, V48I, S61T, T63P, A66G, P67R, K68G, K87A, P89Q, V107I, I114V, V132I, F147S, I153L","T5S, I11V, S15A, S46T, K50R, L57Q, N62D, Q69K, L82Q, S113K, N120R, N130S, V131E, S166G, T181K, L182V, S189E, G198S, N206K, K212R, T213N, K251T, I262V, L293I, R300A, E330Q, A338V, S400A, M414Q, F415Y, T423M, K441R, A442V, D444E, Q446E, Y451H, E455D, Q464E, S473T, S513A, K523R, R531K, K535R, A541E, G549N, V564L, Y572F","28V,30S,93N",,,susceptible,substitution on scored position,resistant,substitution on scored position,susceptible,susceptible,susceptible,substitution on scored position
OM525863.1,1c,1,SOF-VEL,SVR,0,,M28V,,,,,,,,,,,,,K155R,,,,,,,,False,True,False,False,False,True,True,True,17,12,39,"M28V, I34V, K41R, T71S, R73K, K78R, S98C, L101S, N107S, R108F, T122R, V130I, T135A, T164P, D171E, S174T, P183L","I33V, V48I, V51A, S61P, M64L, P67A, K68T, S101A, G120S, A150V, K155R, S178T","S5T, I11V, T19N, G46S, K81N, I116V, T131H, Q181K, T189S, A198T, N206K, N213V, D238E, V246A, A251V, R254K, Q272E, I293L, R309Q, A327S, N335S, L362R, G376N, A377T, V424I, L425F, I434L, H438Q, A499S, Q514H, R517K, K531R, L534V, S543A, N549S, H566R, V567A, F572Y, W574F","28V,30Q",155R,,susceptible,substitution on scored position,substitution on scored position,susceptible,susceptible,susceptible,susceptible,susceptible
OM525864.1,1j,1,SOF-VEL,SVR,0,,A28M,,,,,,,,,,,,,,,,,,,,I321V,False,True,False,False,False,True,True,True,18,11,45,"E7D, I8V, C17S, S21T, A28M, I34V, T64S, S71T, S77P, N85G, T107K, F108V, A114S, L153V, F161Y, R176K, E181D, S197T","A39G, K62R, S66G, P67D, R68K, P86V, Q89T, A91S, I153L, I170V, S174A","V11I, T19S, N81T, N120R, E131I, A148Q, E177D, P184Q, S198G, D202E, L215M, S231N, C242S, R270K, K300L, A302S, I321V, I322V, D327E, H335S, L419I, V424I, I434M, Q436R, D437E, Q440E, N444D, H448Y, L461Q, S480G, I482L, T499A, M512L, M514R, R517K, T520V, P540A, S543G, L544R, S549G, T552V, S565P, F573L, W574C, V585I",30Q,"170V,174A",,susceptible,susceptible,substitution on scored position,susceptible,susceptible,susceptible,susceptible,susceptible
OM525865.1,1n,1,SOF-VEL,SVR,0,,,,V31M,,,E62S,,H93Y,,,,,,,,,,,,,,False,True,False,False,False,True,True,True,22,17,52,"E14T, I23L, A25S, V31M, N54H, R56T, E62S, S64T, R78K, A79T, H93Y, C98S, A101T, H104P, V108F, A114S, D126E, E171D, S174T, Q176C, H180N, S213A","Q28E, I35V, T39A, S40T, A61S, K62R, L72T, P86Q, Q89P, T91A, S101A, T122N, I132V, A147S, A150V, I153L, V178T","S15A, S19T, A39S, T41S, Q47M, L57M, N62D, Q69K, I71V, S90R, K98R, R114K, V116L, N120H, K124Q, N130S, V131E, S166G, V179I, Q184K, A185V, S189D, S190A, G198S, E202D, N206K, K212R, T213N, A246D, E248D, K251R, L297I, R300A, C324G, E330Q, L362R, A377S, S400A, F415Y, A421V, T423M, G440Q, Y451C, Q461P, Q464E, S473A, T520I, R531K, Q544R, R566H, Y572F, W574F","31M,93Y","122N,174S",,substitution on scored position,substitution on scored position,substitution on scored position,substitution on scored position,susceptible,susceptible,susceptible,substitution on scored position
OM525874.1,2d,2,SOF-VEL,Non SVR,1,,L28F,,,,,,,,,,,,,,,,,,,,,False,True,False,False,False,True,True,True,10,8,30,"V12I, S14T, T15I, L28F, L34I, R41K, K73R, P126Q, S176T, A213T","T16A, K26R, V83I, R92K, V102A, V158I, V177I, V178A","R43K, A59L, N65D, S90A, C101Y, Q130H, Q131T, V147I, A156P, L175F, I178L, A179I, I184V, T198A, V252A, A273S, M289V, V297A, Q300L, V309I, A310S, A338V, P376L, L425M, V434L, V520T, G549S, V553T, G558S, L585I",not available,not available,not available,susceptible,susceptible,not licensed for subtype,not licensed for subtype,susceptible,susceptible,not licensed for subtype,not licensed for subtype
OM525880.1,2b,2,SOF-VEL,Non SVR,1,,,,,,,,,,,,,,,,,,,,,,,False,False,False,False,False,True,True,True,7,7,32,"Q6R, I34L, N105K, V121I, S126P, V164T, T176S","T42S, S47C, G66S, P67S, S146P, V177I, T181S","T84S, R120K, E128V, H131E, T150A, I186V, Q241L, R250K, V252A, T267M, R334Q, L353P, R355K, F383Y, T393S, I425L, L434A, T438G, N440G, N442D, N455T, E470D, H480T, S483T, T488A, A499V, A516G, S543R, G549R, H566R, C575S, S580C",not available,not available,not available,susceptible,susceptible,not licensed for subtype,not licensed for subtype,susceptible,susceptible,not licensed for subtype,not licensed for subtype
OM525866.1,1j,1,SOF-VEL,SVR,0,,,,,,H58P,E62D,,,,,,,,,,,,,,,,False,False,False,False,False,True,True,True,23,9,46,"I34V, V37I, H54N, H58P, E62D, V75I, R78K, M83T, S85N, T95A, L101V, K107Q, S114C, I121V, V130I, S131T, L138I, I144V, L153V, F161Y, P164Q, E181D, A213T","I18V, I33V, S61P, K62R, L64I, S66G, R68K, V71I, I72M","S5T, V11I, Q19T, C46S, D66A, K77T, E87D, S90D, K98R, C110S, A112T, V116I, A117N, K124Q, S130N, V131E, S180K, L184Q, S190A, G198K, Q206K, S210D, S231N, V251I, R300Q, A327Q, Q330P, G376D, A377Q, A400S, A421V, D437E, N444D, P461Q, R510K, R514M, K523R, A540P, G543S, R544Q, G549S, I560V, V564A, W573L, A580S, A581V",58P,174S,444D,substitution on scored position,susceptible,substitution on scored position,substitution on scored position,susceptible,susceptible,susceptible,substitution on scored position
OM525867.1,1b,1,SOF-VEL,SVR,0,,,R30Q,,,,,,,,,,,,,,,,,,,,False,True,False,False,False,True,True,True,11,12,13,"K6R, S17A, R30Q, L34V, L37F, K78R, T99V, R108K, V164A, V174T, A197T","I3V, S7A, L13P, V48I, K62R, T63S, A66G, P86Q, K87A, R117H, F147S, I153V","M57L, Q90K, N110S, Q127L, H374R, T377N, A400V, I432V, K510R, A513S, R531K, K535R, S549G",30Q,117H,,susceptible,susceptible,resistant,substitution on scored position,susceptible,susceptible,susceptible,susceptible
OM525868.1,1h,1,SOF-VEL,SVR,0,K24Q,,S30R,V31L,,P58R,E62S,,H93Y,,,,,Q80K,,,,,,,,,False,True,False,False,False,True,True,True,28,20,49,"I23L, K24Q, A25S, S30R, V31L, I34V, R56Q, P58R, E62S, S64T, R73K, R78K, A79T, H85N, T87S, H93Y, A101V, H104P, V108R, A114S, R123Q, V130I, T135A, E171D, S174T, H181Q, V183L, S213T","S7A, I18V, V35I, V48I, V51A, S61T, T63A, A66G, T72I, Q80K, P86Q, K87A, V107I, I114V, V132I, F147S, A150V, V151A, S174C, M175L","S19T, A39S, R43H, M71I, Q90R, N110D, S113R, K114R, N117D, K124E, Q127L, T130N, E131V, T181K, A218S, S231N, C242S, A246D, Q251L, I253V, R254K, T329V, L362R, A421V, L434I, K441Q, D444E, I454V, E455Q, Q464E, S487A, V499A, S506A, A513S, Q514R, T520I, R531K, A541G, Q544R, S549N, L564V, R566H, P569S, F572T, M573L, W574P, S580L, I585L, Y586F","30R,93Y","80K,174C",585L,substitution on scored position,substitution on scored position,substitution on scored position,substitution on scored position,susceptible,susceptible,susceptible,substitution on scored position
OM525869.1,1b,1,SOF-VEL,SVR,0,,,,,,,Q62E,,Y93H,,,,,,,,,,,,,,False,False,False,False,False,True,True,True,11,7,15,"K6R, L34V, L37I, Q54H, Q62E, K78R, T79A, Y93H, V164A, V174T, A197T","S7A, V48I, A66G, P86Q, K87A, P89S, F147S","M57L, Q90K, N110S, N117R, R120N, Q127L, F162Y, A218S, S231N, T377N, A400V, I432V, A513S, K523R, S549G",93H,,,susceptible,resistant,resistant,resistant,susceptible,susceptible,susceptible,resistant
OM525870.1,2d,2,SOF-VEL,SVR,0,,L28F,,,,,,,,,,,,,,,,,,,,,False,True,False,False,False,True,True,True,9,4,24,"T15I, L28F, R41K, R44K, K73R, R123Q, P126Q, T196A, A213T","T16A, K26R, S134T, V177I","A59L, N65D, I71V, S90A, C101Y, R120Q, Q130H, Q131A, V147I, I150T, I184V, T198A, V252A, A273T, V309I, A310S, A338V, Q414L, V434I, L443I, T455N, V520T, Q544R, L585I",not available,not available,not available,susceptible,susceptible,not licensed for subtype,not licensed for subtype,susceptible,susceptible,not licensed for subtype,not licensed for subtype
OM525872.1,1b,1,SOF-VEL,SVR,0,Q24K,L28V,R30A,,,P58S,,,Y93N,,,,,,,,,,,,,,True,True,False,False,False,True,True,True,21,17,47,"K6R, V8I, Q24K, S25A, L28V, R30A, L34I, Q54L, P58S, I63L, I74L, Y93N, S107T, T122R, V153L, V164P, E171D, V174S, Q181H, L183V, T213A","S7A, K26R, V35I, S42T, A66G, P67R, K68G, K87A, P89Q, L94M, V107I, I114V, V132I, F147A, A150V, V151A, I153L","T5S, I11V, S15A, S46T, L57Q, N62D, Q69K, R81K, L82Q, S113K, N120R, K124E, N130S, V131E, S166G, T181K, S189E, G198S, N206K, K251L, I262V, N273S, L293I, R300A, E330Q, A338V, S400V, M414Q, F415Y, T423M, K441R, A442V, D444E, Q446E, Y451H, E455D, Q464E, S473T, S513A, T520V, K523R, R531K, K535R, A541E, G549N, V564L, Y572F","28V,30A,93N",,,susceptible,substitution on scored position,resistant,substitution on scored position,susceptible,susceptible,susceptible,substitution on scored position
OM525873.1,1j,1,SOF-VEL,SVR,0,,A28M,,,,,,,,,,,,,,,,,,,,I321V,False,True,False,False,False,True,True,True,16,10,48,"E7D, C17S, S21T, A28M, I34V, T64S, S71T, S77P, N85G, L101S, T107K, A114S, F161Y, R176K, E181D, S197T","A39G, K62R, S66G, P67D, R68K, Q89A, A91S, I153L, I170V, S174A","V11I, T19S, N81T, N120R, E131I, A148Q, E177D, P184Q, S198G, D202E, S210A, L215M, S231H, C242S, V262I, R270K, I297V, K300L, A302S, I321V, I322V, D327E, H335S, L419I, V424I, I434M, Q436R, D437E, Q440E, N444D, H448Y, L461Q, S480G, I482L, T499A, M512L, M514R, R517K, T520V, P540A, A541T, L544Q, S549G, T552V, S565P, F573L, W574C, V585I",30Q,"170V,174A",,susceptible,susceptible,substitution on scored position,susceptible,susceptible,susceptible,susceptible,susceptible
OM525875.1,1j,1,SOF-VEL,SVR,0,,A28M,,,,,E62D,,,,,,,,,,,,,,,I321V,False,True,False,False,False,True,True,True,18,11,43,"E7D, C17S, S21T, A28M, I34V, D50E, E62D, T64S, S71T, S77P, N85G, T107K, F108V, A114S, F161Y, R176K, E181D, S197T","A39G, K62R, S66G, P67D, R68K, P86V, Q89T, A91S, I153L, I170V, S174A","V11I, T19S, N81T, N120R, N130S, E131V, A148Q, E177D, P184Q, S198G, D202E, N206K, S210A, L215M, C242S, R270K, K300R, I321V, I322V, D327E, H335S, L419I, V424I, I434M, Q436R, D437E, Q440E, N444D, H448Y, L461Q, S480G, I482L, T499A, M512L, M514R, R517K, T520V, P540A, L544Q, T552V, F573L, W574Y, V585I",30Q,"170V,174A",,susceptible,susceptible,substitution on scored position,susceptible,susceptible,susceptible,susceptible,susceptible
OM525876.1,1g,1,SOF-VEL,SVR,0,Q24K,L28V,R30A,,,,,,Y93N,V36L,,,,,,,,,,,,,True,True,False,False,False,True,True,True,19,20,48,"K6R, Q24K, S25A, L28V, R30A, L34I, Q54L, I63L, I74L, Y93N, T122R, V138L, V153L, V164P, E171D, V174S, Q181H, L183V, T213A","S7A, V35I, V36L, A39G, S42T, K62R, T63S, A66G, P67R, K68G, P86A, K87A, P89Q, T98S, V107I, I114V, V132I, F147S, A150V, I153L","T5S, I11V, S15A, S46T, L57Q, N62D, Q69K, L82Q, S90G, S110N, S113K, N120R, N130S, V131E, S166G, T181K, S189E, G198L, N206K, S218A, A249T, K251L, I262V, L293I, R300A, E330Q, A338V, S400V, M414Q, F415Y, T423M, K441R, A442V, D444E, Q446E, Y451H, E455D, Q464E, S473T, S513A, K523R, R531K, K535R, A541E, G549N, S556G, V564L, Y572F","28V,30A,93N",36L,556G,susceptible,substitution on scored position,resistant,substitution on scored position,susceptible,susceptible,reduced susceptibility,substitution on scored position
OM525878.1,2k,2,SOF-VEL,SVR,0,F24S,S28L,,M31L,,,,S92C,,,,,,,,,,,,,,,False,True,False,False,False,True,True,True,34,17,56,"V8L, V12I, I15V, N21T, F24S, T25A, K26R, S28L, M31L, I34L, V37I, A48T, H66N, L69F, T71S, T87S, S92C, P97Q, V99I, P103A, K107R, N108T, A116T, M123Q, R124H, Q126S, S127Y, F129Y, I144L, T164P, F169I, S176T, Y182F, R187Q","Q29V, I33V, T38S, T42S, S47A, V48I, S67P, S87C, V114I, P115S, R119Q, A124G, S134T, S146P, R147K, A166S, V178A","V10L, R16P, R43K, A46S, S62A, R77K, T79S, T84S, L85V, Y103F, R120K, E124K, Q131T, S132T, V147I, I178V, A189L, S190A, G198S, E199Q, R206Q, E210K, D213N, K244S, P246S, L293I, Q300L, K304R, V309N, A310D, T312V, V329T, Q331E, H353P, R355K, K377Q, S393A, V400A, I432V, T434V, N440D, D442N, C455S, E470D, A471S, T499A, A513N, R514Q, I520T, K531R, I536L, R549G, V553L, L572F, L574F, I585L",not available,not available,not available,susceptible,susceptible,not licensed for subtype,not licensed for subtype,susceptible,susceptible,not licensed for subtype,not licensed for subtype
OM525879.1,2k,2,SOF-VEL,SVR,0,F24S,S28F,,,,,,S92C,,,,,,,,,,,,,,,False,True,False,False,False,True,True,True,25,13,44,"V12I, T17A, F24S, T25S, S28F, V37L, T50S, L69M, R73K, S92C, V99M, P104H, N108T, A116S, A119V, M123Q, R124H, Q126S, S127Y, F129Y, A146S, Y182F, R187Q, E191D, A213T","L13V, E28D, Q29H, A30N, I64L, L67S, I83V, K92R, L94F, D95E, A124G, V177I, I178V","H33Y, R43K, A46S, T57V, I59L, Y63H, V67T, I71V, N81R, T84S, M85I, Y103F, M111L, R113K, I116V, K120Q, Q130S, T131Q, F162Y, I178V, A179T, R184Q, V215M, A242S, I251T, M267Q, N269S, F285L, L300V, R355K, P376S, R401K, Y430F, L434A, T438G, N440G, N442D, S455T, H480T, A499V, L544R, V553L, C575S, V585I",not available,not available,not available,susceptible,susceptible,not licensed for subtype,not licensed for subtype,susceptible,susceptible,not licensed for subtype,not licensed for subtype
OM525881.1,2d,2,SOF-VEL,SVR,0,,L28F,,,,,,,,,,,,,,,,,,,,,False,True,False,False,False,True,True,True,6,2,25,"T15I, L28F, R41K, K73R, R123Q, P126S","T16A, V177I","P16S, A59L, N65D, S90A, C101Y, R120K, A156P, I184V, T198A, D213N, V252A, A273T, V309I, T329N, R334Q, N335S, P376L, R381K, I419V, V434I, V520T, G549S, V553I, S580C, L585I",not available,not available,not available,susceptible,susceptible,not licensed for subtype,not licensed for subtype,susceptible,susceptible,not licensed for subtype,not licensed for subtype
OM525882.1,1b,1,SOF-VEL,SVR,0,,,R30Q,,,,,,,,,,,,,,,,,,,,False,True,False,False,False,True,True,True,9,8,12,"K6R, S17A, R30Q, L34V, K78R, V164A, K166R, V174T, A197T","S7A, I18V, V48I, S61T, A66G, P86Q, K87A, F147L","M57L, Q90K, N110S, Q127L, S231N, R254K, S300T, T377N, A400V, K510R, A513S, S549G",30Q,,,susceptible,susceptible,resistant,substitution on scored position,susceptible,susceptible,susceptible,susceptible
OM525883.1,1b,1,SOF-VEL,SVR,0,,,,,,,,,,,,,,,,,,,,,,,False,False,False,False,False,True,True,True,12,8,12,"K6R, S17A, L34I, L37V, Q54H, T56V, K78R, V164A, K166R, V174T, A197T, T213A","V51A, T63P, A66G, I71V, T72V, K87A, F147S, V170I","A9S, M57L, Q90K, K114R, Q127L, I262V, T377S, L434I, A513S, R531K, A541T, S549N",,170I,,susceptible,susceptible,susceptible,susceptible,susceptible,susceptible,susceptible,susceptible
OM525884.1,2k,2,SOF-VEL,SVR,0,,F28L,,,,,N62T,,,,,,,,,,,,,,,,False,True,False,False,False,True,True,True,16,9,52,"R6S, V8L, D10N, F28L, N62T, A103P, A114T, S116T, A119V, Q123R, S126G, V130I, L133M, P167Q, I169V, T213A","L21M, D28E, T38S, S76T, D95E, A116S, G124A, R130C, S134R","V11I, G15S, P16S, R20K, Y33F, R39C, S41T, T44S, D65N, E66Q, K69E, V71I, Q73L, P135S, V147L, A156P, F162Y, V186I, G198A, G210E, D213N, A218S, T235N, Y240F, Q241L, A252V, V262I, M267L, Q300L, I309D, A329T, V338A, P349T, K355Q, P376Q, R377N, R401K, L419V, V432I, D437E, G438T, N455S, I466L, D470S, S478T, N483T, A499T, I506A, A513S, G554S, A555S, I571F",not available,not available,not available,susceptible,susceptible,not licensed for subtype,not licensed for subtype,susceptible,susceptible,not licensed for subtype,not licensed for subtype
OM525885.1,2q,2,SOF-VEL,SVR,0,,F28C,,L31M,,,,,,,,,,,,,,,,,,,False,True,False,False,False,True,True,True,18,8,46,"I14T, N21S, F28C, L31M, I34L, T75A, V99I, K107R, A114T, K116S, S128A, L150F, M164T, P167Q, I169L, D171E, C176S, Q213A","T16A, A67S, S87A, D95E, S102V, T134S, I172V, T179A","V11I, R20K, R39S, S41T, T44S, L59V, E66Q, V71I, Q73L, R113K, R114G, E124K, Q131H, A150T, A156P, I178V, Q184E, G198A, Q206R, G210D, D213S, A218S, T251A, M267L, Q300L, I309V, A310S, P349T, D352E, K355T, R377H, L419I, G438A, D440G, N442D, N455S, I466L, D470E, T476S, S478T, N483T, I506A, A513S, G549S, R566H, I571L",not available,not available,not available,susceptible,susceptible,not licensed for subtype,not licensed for subtype,susceptible,susceptible,not licensed for subtype,not licensed for subtype
OM525886.1,2d,2,SOF-VEL,SVR,0,,L28F,,L31M,,,,,,,,,F56Y,,,,,,,,,,False,True,False,False,False,True,True,True,8,3,17,"T15I, L28F, L31M, R41K, R44K, K73R, R123Q, P126Q","F56Y, V177I, V178A","S15N, Q47L, A59L, N65D, I71V, I85V, S90A, C101Y, R120K, A156P, T198A, V252A, A273S, P376L, V520T, G549S, L585I",not available,not available,not available,susceptible,susceptible,not licensed for subtype,not licensed for subtype,susceptible,susceptible,not licensed for subtype,not licensed for subtype
OM525887.1,2d,2,SOF-VEL,SVR,0,,L28F,,L31M,,,,,,,,,,,,,,,,,,,False,True,False,False,False,True,True,True,9,7,21,"T15I, L28F, L31M, R44K, K73R, A119V, R123Q, P126Q, P164S","T7A, T16A, V33I, L52M, V71I, A78S, P96V","R43K, A59L, H63Y, N65D, S90A, C101Y, Q130H, Q131E, A156P, I178M, I184T, T198A, S218A, V252A, A273T, V434I, A506T, V520T, Q544R, G549S, L585I",not available,not available,not available,susceptible,susceptible,not licensed for subtype,not licensed for subtype,susceptible,susceptible,not licensed for subtype,not licensed for subtype
OM525891.1,1j,1,SOF-VEL,SVR,0,,,,,,H58P,E62D,,,,,,,,,,,,,,,I321V,False,False,False,False,False,True,True,True,20,9,47,"F36L, V37I, H54N, H58P, E62D, V75I, R78K, M83T, S85N, L101V, K107E, I121V, V130I, S131T, L138I, I144V, L153V, F161Y, P164H, E181D","I18V, I33V, S61P, K62R, L64I, S66G, R68K, I72M, P86Q","S5T, V11I, I59V, D62T, R65Q, K74A, S84T, S90D, V116I, A148Q, E177D, P184Q, S198A, D202E, S210G, L215M, S231N, V251I, S273N, K300R, T312A, I321V, I322V, D327Q, H335S, R362L, T377M, V421A, V424I, Q436R, Q440E, N444D, H448Y, D458N, L461Q, S480G, T499A, R510K, M512L, M514R, T520A, L544Q, I560V, V564A, R566H, W574F, V585I",58P,174S,,substitution on scored position,susceptible,substitution on scored position,substitution on scored position,susceptible,susceptible,susceptible,substitution on scored position
OM525892.1,1b,1,SOF-VEL,SVR,0,Q24K,L28V,R30A,,,,,,Y93N,,,,,,,,,,,,,,True,True,False,False,False,True,True,True,18,18,47,"K6R, V8I, Q24K, S25A, L28V, R30A, L34I, Q54L, I63L, I74L, Y93N, T122R, V153L, V164P, E171D, V174S, Q181H, L183V","S7A, I18V, K26N, V35I, S42T, T63S, A66G, P67R, K68G, P86A, K87A, P89Q, V107I, I114V, V132I, F147S, A150V, I153L","T5S, I11V, S15A, S46T, L57Q, N62D, Q69K, R81K, L82Q, S113K, N120R, K124E, N130S, V131D, S166G, T181K, S189E, G198L, N206K, S218A, K251L, A252V, I262V, L293I, R300A, E330Q, S335N, A338V, S400V, M414Q, F415Y, T423M, A442V, D444E, Q446E, Y451H, E455D, Q464E, S473T, S513A, K523R, R531K, K535R, A541E, G549N, Y572F, W574L","28V,30A,93N",,,susceptible,substitution on scored position,resistant,substitution on scored position,susceptible,susceptible,susceptible,substitution on scored position
OM525893.1,2k,2,SOF-VEL,SVR,0,,,,L31M,,,,,,,,,,,,,,,,,,,False,True,False,False,False,True,True,True,16,8,44,"D7E, I8L, V12I, T14S, L31M, A48S, T71S, T87S, A103T, H104P, A116T, D117E, N135T, T146A, F168L, S176T","T16A, Q29H, R92K, D95E, S102V, I172V, V177I, I178M","Y33F, S39C, D65E, N81R, I85V, F103Y, K114R, Q131D, I147V, T150A, F162Y, Q184T, V186I, L241Q, L245I, M267L, V309I, A329T, V338A, K355R, Q376P, H377Q, M381R, S389T, L392I, V421A, M434V, E437D, D442N, E470D, G476T, S478T, T480H, A487S, A488V, S510A, S513G, T520I, F523R, R531K, R534L, A541Q, R544L, G549S",not available,not available,not available,susceptible,susceptible,not licensed for subtype,not licensed for subtype,susceptible,susceptible,not licensed for subtype,not licensed for subtype
OM525894.1,1i,1,SOF-VEL,SVR,0,,L28V,S30R,V31L,,,E62T,,H93S,V36I,,,,,,,,,,,,,True,True,False,False,False,True,True,True,27,15,50,"E14T, S17A, I23L, L28V, S30R, V31L, N54H, R56M, E62T, S64T, V75A, R78K, A79T, H93S, C98S, A101T, H104L, V108F, A114S, M133V, S146L, V153L, E171D, S174T, Q176S, H181S, S213A","S7A, I18V, Q28E, V35I, V36I, S42T, S61A, K62R, T63S, A66G, I71V, T72V, P86Q, K87A, F147A","S15A, S19T, A39S, Q47L, N62D, Q69K, I71V, S90R, K98R, S113G, R114K, N120R, K124Q, V131S, S166G, V179I, T181N, Q184S, S190A, G198S, E202D, N206R, K212R, T213N, A246D, E248D, N273S, L297I, R300A, E330Q, A333G, L362R, A377T, S400A, F415Y, A421V, T423M, G440Q, K441R, Y451C, Q461P, Q464E, T520I, K523R, I539L, A541E, Q544R, G549S, Y572F, W574V","30R,93S",36I,,substitution on scored position,substitution on scored position,substitution on scored position,substitution on scored position,susceptible,susceptible,substitution on scored position,substitution on scored position
OM525895.1,1i,1,SOF-VEL,SVR,0,,,S30L,V31M,,,E62D,,H93Y,V36I,,,,,,,,,,,,,False,True,False,False,False,True,True,True,25,18,90,"I12V, I23L, S30L, V31M, N54H, R56K, E62D, I63L, S71T, R78K, A79T, H93Y, C98S, T99I, A101V, H104P, V108T, A114S, E152M, E171D, S174V, H180N, H181Q, V183L, S213T","I18V, V36I, T39A, S40T, V48I, V51A, K62R, S63P, I71V, L72I, P86I, T91A, S101A, T122S, I132V, A147S, S174A, V178T","T5S, T19S, Q57L, Q65R, A71V, E81R, S84T, S110N, K114R, T116I, R117N, Q124E, S130N, Y162F, S177D, V179I, V186T, A189G, S190A, S198A, E202D, F203Y, Q206K, H231N, C242S, D248E, Q272E, S273N, Y296F, Q309R, A327E, V329T, E330Q, D331E, N335S, L362H, A376P, A377Q, K379R, V381R, I405V, I409L, I432V, L434I, T435A, E437D, Q438T, A440D, K441Q, A442N, D444N, C445F, Q446E, I447M, H452Y, I454V, Q461A, Q464E, S470D, T473S, S476T, S478T, G480H, I482L, N483T, C488A, V494A, V499A, R501K, H502S, R510S, L512I, T520V, K523R, I539L, G541E, S543R, Q544L, N549S, V552T, A553V, Y555A, S556G, V564M, S569P, F572I, I573L, C575F, S580T, V583A","31M,93Y","36I,122S,174A","553V,556G",substitution on scored position,substitution on scored position,substitution on scored position,substitution on scored position,susceptible,susceptible,susceptible,substitution on scored position
OM525896.1,1h,1,SOF-VEL,SVR,0,,L28M,R30S,,,P58R,Q62L,,,,,,,Q80K,,,,,,,,,True,True,False,False,False,True,True,True,30,10,50,"K6R, T14E, S25A, L27V, L28M, R30S, K44R, Q54N, T56R, P58R, Q62L, R73K, H85S, T87R, S101T, N105D, R108H, A114S, T122R, M133V, T135A, V138L, A146S, D154N, V164P, E171D, V174T, N180H, Q181S, L183V","I18V, I33V, S46T, R62K, L72I, Q80K, P86Q, P89Q, A102S, I153L","S19T, M36L, A39S, M57V, R65K, D66T, K69Q, M71I, K81R, Q90R, S113G, K114R, K124E, Q127L, T130N, E131N, T181Q, S189Q, G198T, E202D, C213T, A218S, S231N, C242S, Q251V, I253V, S300A, T329V, L362R, L434I, C451Y, E455Q, Q461L, S487A, V499A, A513S, T520I, K523R, R531K, L534V, Q544K, S549N, L564V, P569S, F572L, M573L, W574P, S580F, I585V, Y586F","28M,30S",80K,"451Y,585V",susceptible,susceptible,substitution on scored position,substitution on scored position,susceptible,susceptible,susceptible,susceptible
OM525897.1,1g,1,SOF-VEL,SVR,0,K24Q,A28L,Q30K,L31M,,P58R,E62Q,,,V36M,,,,Q80K,,,,,,,,,True,True,False,False,False,True,True,True,33,18,57,"E7D, I8V, C17S, S21T, K24Q, A28L, Q30K, L31M, I34V, I37L, R56Q, P58R, E62Q, S77P, R81S, N85R, T87S, L101A, T107S, F108C, A114S, V121I, T135A, L153V, F161Y, E171D, R176Q, H180N, E181Q, L183V, S197T, T200A, A213T","S7A, I18V, V35I, V36M, V48I, V51A, S61A, T63P, A66G, I71V, T72V, Q80K, P86Q, K87A, V132I, F147S, I153L, M175L","I11V, S19T, M36L, A39S, M71V, K81R, Q90R, N110D, S113R, R120N, K124E, Q127L, T130N, E131T, G166A, M173R, T181K, S189K, G198A, E202D, C213T, A218S, S231H, V235T, C242S, A246D, Q251V, I253V, R254S, N273S, T329V, A334T, T340A, P353L, L362R, T390V, M414L, A421V, L434I, E455Q, Q461P, S487A, V499A, S506A, K510R, A513S, T520I, R531K, S549N, L564V, P569S, F572T, M573L, W574P, S580L, I585L, Y586F","30K,31M","36M,80K","414L,585L",substitution on scored position,susceptible,substitution on scored position,substitution on scored position,susceptible,susceptible,reduced susceptibility,substitution on scored position
OM525898.1,2d,2,SOF-VEL,SVR,0,,L28F,,,,,,,,,,,,,,,,,,,,V321I,False,True,False,False,False,True,True,True,6,5,26,"T15I, L28F, R41K, R44K, K73R, P126Q","T16A, V35I, V83I, V172I, V178I","S15N, A59L, N65D, S90A, K98R, C101Y, R120Q, Q131E, D135Q, A156P, I184T, V186I, T198A, V252A, A273T, V309I, V321I, P376L, Q414L, V434I, A499V, R517K, V520K, Q544H, G549S, L585I",not available,not available,not available,susceptible,susceptible,not licensed for subtype,not licensed for subtype,susceptible,susceptible,not licensed for subtype,not licensed for subtype
OM525899.1,1h,1,SOF-VEL,SVR,0,,,,,,,,,,,,,,,,,,,,,,,False,False,False,False,False,True,True,True,4,7,31,"Q6R, I34L, V164A, T204V","A16T, T42S, S47C, P67S, S146P, T179A, T181S","L47Q, T84S, V85I, K98R, R114K, R120Q, E128A, H131D, D135Q, I147V, T150A, P156S, I186V, Q241L, R250K, V252A, T267M, R334Q, L353P, R355Q, F383Y, T393S, L466I, E470D, A516G, I520T, K531R, S543G, Y561F, L572F, L574F",not available,not available,not available,susceptible,susceptible,not licensed for subtype,not licensed for subtype,susceptible,susceptible,not licensed for subtype,not licensed for subtype
OM525900.1,2q,2,SOF-VEL,SVR,0,,L28F,,L31M,,,N62D,,,,,,,,,,,,,,,,False,True,False,False,False,True,True,True,16,11,62,"V8I, T15I, S25A, L28F, L31M, I37V, R41K, N62D, K73R, I74V, A116T, P126S, T135S, A146S, P164K, E212A","C29H, S42T, T76S, P86S, E95D, A116V, S128A, S134T, I172V, A174S, V177I","C14N, G15A, S39C, R43K, Q47L, V67T, N81R, E86G, L111M, K114R, D117N, K120Q, Q131V, T132S, I147V, F162Y, S190A, A198S, D202E, R206Q, E210A, K211R, K212R, A242S, V251T, M267L, M289I, V309I, V322I, A329T, E330D, V338A, Q376P, H377K, M381R, S389T, A400V, V421A, S431A, V432I, M434S, E437D, T438A, D442N, N455S, E470D, G476T, T480H, S513A, T520I, F523R, R531K, R534L, A541E, R543G, G549S, T552S, F571I, L573T, L574F, C575L, S580C",not available,not available,not available,susceptible,susceptible,not licensed for subtype,not licensed for subtype,susceptible,susceptible,not licensed for subtype,not licensed for subtype
OM525902.1,1n,1,SOF-VEL,SVR,0,,A28M,,,,,,,,,,,,,,,,,,,,I321V,False,True,False,False,False,True,True,True,17,12,46,"E7D, C17S, S21T, A28M, I34V, T64S, S71T, S77P, N85G, T107K, F108V, A114S, R123Q, F161Y, R176K, E181D, S197T","A39G, S61P, K62R, S66G, P67D, R68K, P86V, Q89T, A91S, I153L, I170V, S174A","V11I, T19S, R65Q, D66G, N81A, N120R, N130S, E131V, A148Q, E177D, P184Q, S198G, D202E, S210A, L215M, S231N, C242S, K254R, R270K, K300L, I321V, I322V, D327E, H335S, L419I, V424I, I434M, Q436R, D437E, Q440E, N444D, H448Y, L461Q, S480G, I482L, T499A, M512L, M514R, R517K, T520V, P540A, L544Q, T552V, F573L, V581A, V585I",30Q,"170V,174A",,susceptible,susceptible,substitution on scored position,susceptible,susceptible,susceptible,susceptible,susceptible
OM525904.1,2q,2,SOF-VEL,SVR,0,,,,L31M,,,N62P,,,,,,,,,,,,,,,,False,True,False,False,False,True,True,True,20,13,56,"I8L, T17A, L31M, L34I, R44K, N62P, T71S, A103P, H104P, A114T, A116T, D117E, A119V, R123Q, D126G, Y127S, L133M, N135D, T146S, P167Q","K26R, C29F, T38S, I48V, S67P, A116S, G124A, R130C, S134R, I172V, A174S, V177I, V178I","G15S, P16S, Y33F, S39C, D65E, N81R, I85V, K114R, D117N, K124E, T132S, I147L, T150A, A156P, F162Y, T179A, V186I, D202E, R206Q, E210G, D213N, T235N, Y240F, V251T, A252V, V262I, M267L, L285F, V309E, A329T, P349T, K355Q, H377N, M381R, S389T, A400V, R401K, I419V, V421A, V432I, M434S, T438A, D442N, M447L, E470S, G476T, S478T, T480H, T520I, F523R, R531K, R534L, A541E, G549R, G554S, A555S",not available,not available,not available,susceptible,susceptible,not licensed for subtype,not licensed for subtype,susceptible,susceptible,not licensed for subtype,not licensed for subtype
OM525905.1,2k,2,SOF-VEL,SVR,0,S24A,F28V,,,,,,,,,,,,,,,,,,,,,False,True,False,False,False,True,True,True,24,8,50,"V12I, S14T, S24A, F28V, T48A, I52V, N66H, M69L, Q97P, S103P, R107K, S116T, I121V, Q123R, Q126S, E127Y, A128S, L146A, P167Q, F169L, R187Q, A196T, V198I, L199V","A7T, K26R, S42T, T63M, A67S, R92K, D95E, S102V","V11I, R20K, R39C, S41T, T44S, L60F, S62A, E66S, Q73L, V85I, K100I, R113K, R114K, Q131D, S132K, V147I, A150L, A156P, F162Y, Q184V, A189N, G198A, E202D, Q206R, G210E, D213C, A218S, F285L, Q300L, K304R, I309Q, R377Q, V400A, L419V, S434T, G438T, I466L, S478T, N483T, A499V, I506A, S510A, A518P, R544H, G549S, I560V, V564M, I571F, C575F, I585L",not available,not available,not available,susceptible,susceptible,not licensed for subtype,not licensed for subtype,susceptible,susceptible,not licensed for subtype,not licensed for subtype
OM525906.1,1g,1,SOF-VEL,SVR,0,Q24K,L28V,R30A,,,,,,Y93N,V36L,,,Y56F,,,,,,,,,,True,True,False,False,False,True,True,True,19,20,46,"K6R, V8I, Q24K, S25A, L28V, R30A, L34I, Q54L, I63L, I74L, Y93N, T122R, V153L, V164P, E171D, V174S, Q181H, L183V, T213A","S7A, I18V, K26N, V35I, V36L, S42T, Y56F, T63S, A66G, P67R, K68G, P86A, K87A, P89Q, V107I, I114V, V132I, F147S, A150V, I153L","T5S, I11V, S15A, L57Q, N62D, Q69K, R81K, L82Q, S110N, S113K, N120R, N130S, V131E, S166G, T181K, S189E, G198L, E202D, N206K, S218A, K251V, I253V, I262V, L293I, R300A, E330Q, A338V, S400V, M414Q, F415Y, T423M, K441R, A442V, D444E, Q446E, Y451H, E455D, Q464E, S513A, R531K, K535R, A541E, G549N, S556G, V564L, Y572F","28V,30A,93N",36L,556G,susceptible,substitution on scored position,resistant,substitution on scored position,susceptible,susceptible,reduced susceptibility,substitution on scored position
OM525907.1,2d,2,SOF-VEL,SVR,0,,L28F,,L31M,,,,,,,,,,,,,,,,,,,False,True,False,False,False,True,True,True,10,1,17,"T15I, L28F, L31M, R41K, R44K, K73R, V121I, R123Q, P126S, A146S",T16A,"A59L, N65D, S90A, C101Y, R120Q, V147I, I184T, T198A, V228I, V252A, A273T, K304R, P376L, V434I, I512L, V520K, L585I",not available,not available,not available,susceptible,susceptible,not licensed for subtype,not licensed for subtype,susceptible,susceptible,not licensed for subtype,not licensed for subtype
OM525909.1,1k,1,SOF-VEL,SVR,0,,A28M,,,,,E62K,,,,,,,,,,,,,,,I321V,False,True,False,False,False,True,True,True,21,17,47,"E7D, L16V, C17S, S21T, A28M, I34V, R56C, E62K, T64S, S71T, S77P, N85G, L101I, F108V, A114S, L153V, F161Y, R176K, E181D, S197T, A213T","V18I, V33I, A39G, V51A, A61S, K62R, S66G, P67D, V72I, P86V, A89T, A91S, S101A, N122S, L147S, I153L, S174A","V11I, T19S, N81T, S90D, N120R, E131I, A148Q, E177D, P184Q, S198G, D202E, S210A, L215M, S231N, C242S, R270K, K300L, A302S, I321V, I322V, D327E, H335S, G376D, T389L, L419I, V424I, I434M, Q436R, D437E, Q440E, N444D, H448Y, L461Q, S480G, I482L, T499A, R510K, M512L, M514R, R517K, T520V, P540A, L544Q, T552V, F573L, W574Y, V585I",30Q,"122S,174A",,susceptible,susceptible,substitution on scored position,susceptible,susceptible,susceptible,susceptible,susceptible
OP022921.1,2a,2,GLE-PIB,Non SVR,1,,,,,,,,,,,,,,,,,,,,,,,False,False,False,False,False,True,True,True,8,6,21,"I108T, H128S, I164T, K166G, C176S, D197E, T200M, S201A","T16A, T47S, V102A, A116V, P146S, V153I","Y33F, S46A, L47Q, A59V, T79N, T84P, G113R, K124E, T130S, I178V, R241Q, H250R, F267L, I309V, A338V, I392L, R401K, S487A, A488T, K531R, G575S",not available,not available,not available,susceptible,susceptible,not licensed for subtype,not licensed for subtype,susceptible,susceptible,not licensed for subtype,not licensed for subtype
OP022920.1,2a,2,GLE-PIB,Non SVR,1,,,,,,,,,,,,,,,,,,,,,,,False,False,False,False,False,True,True,True,10,7,21,"I37V, R73K, I108T, I110V, H128S, I164T, C176S, D197E, T200M, T213A","T16A, T47S, S49A, T98A, A116V, V143L, V153I","Y33F, S46A, L47Q, A59V, T79N, R81K, T130S, I178V, R241Q, H250R, F267L, I309V, A338V, I392L, R401K, A421V, S487A, A488T, V520I, K531R, G575S",not available,not available,not available,susceptible,susceptible,not licensed for subtype,not licensed for subtype,susceptible,susceptible,not licensed for subtype,not licensed for subtype
OP022907.1,2a,2,GLE-PIB,SVR,0,,,,,,,,,,,,,,,,,,,,,,,False,False,False,False,False,True,True,True,9,7,23,"Q97R, I108T, H128S, I164T, C176S, V183A, D197E, S201A, T213A","T16A, T47S, S67L, S76T, V102A, A116V, V153I","Y33F, S46A, L47Q, A59V, T79S, Q90R, T130S, A156P, I178V, A198G, R241Q, H250R, I309V, R355K, A421V, D440N, T478S, T483S, S487A, A488T, R514Q, L571F, G575S",not available,not available,not available,susceptible,susceptible,not licensed for subtype,not licensed for subtype,susceptible,susceptible,not licensed for subtype,not licensed for subtype
OP022911.1,2a,2,GLE-PIB,SVR,0,,,,,,,,,,,,,,,,,,,,,,,False,False,False,False,False,True,True,True,11,10,22,"I83V, V99M, I108T, I110V, H128S, I164T, C176S, D197E, T200M, S201A, T213A","I3V, T16A, K26R, E28D, I33V, V35I, T47S, A116V, V153I, I177V","Y33F, S46A, L47Q, A59V, T79N, R81K, K100R, T130S, A156P, I178V, S190A, D213S, R241Q, H250R, F267L, I309V, I392L, R401K, I432V, S487A, A488T, G575S",not available,not available,not available,susceptible,susceptible,not licensed for subtype,not licensed for subtype,susceptible,susceptible,not licensed for subtype,not licensed for subtype
MZ541883.1,1k,1,GLE-PIB,Non SVR,1,,,,,,,,,,,,,Y56F,,,,,,,,,,False,False,False,False,False,True,True,True,21,16,63,"I8V, T14E, L16M, K20A, I27V, T79L, I83T, T99S, T101L, A103S, N105D, T107K, F108V, R123Q, N137K, I138V, Q176M, N180H, Q181E, A197T, A213T","L13V, V29A, V48I, C52L, Y56F, R62K, I64L, A67K, S68D, I72L, P86S, Q89P, A91T, N122S, I153V, V170I","V11I, Q62D, V71A, K81D, H111L, A112S, K114R, N117D, Q124K, N130Q, E131Q, F162Y, M173R, V179I, T181K, T184Q, K185A, E189S, A190S, T198S, V205L, K209N, S218A, H231R, I239L, D246A, Q248E, K254R, V262I, K270R, I297L, R300K, T312S, V327D, I329V, Q330P, A334S, S335H, S362R, A421V, I424V, I434Q, T438Q, Q441K, T450A, C451Q, Y452H, Q464E, A499V, S513A, R523K, I539L, A540P, G549S, F555Y, I560V, V564A, P569S, L572F, Y573M, C574V, S575C, V580S","30Q,31M","56F,122S,170I",,substitution on scored position,susceptible,substitution on scored position,substitution on scored position,susceptible,susceptible,substitution on scored position,substitution on scored position
MZ541884.1,1k,1,SOF-VEL-VOX,SVR,0,,,,,,,,,,,,,Y56F,,,,,,,,,I321V,False,False,False,False,False,True,True,True,21,17,65,"R6K, T14E, L16M, K20A, I27V, T79L, I83T, T99S, T101L, A103S, N105D, T107K, F108V, R123Q, N137K, I138V, S146A, Q176M, Q181E, A197T, A213T","L13V, V29A, V48I, C52L, Y56F, R62K, I64L, A67K, S68D, V71I, I72L, P86S, Q89P, A91T, N122S, I153V, V170I","S5T, V11I, T19S, I59V, R65Q, V71A, N81D, H111L, A112S, K114R, N117D, N120H, Q124K, N130Q, E131Q, M173R, E177D, V179I, P184Q, A190S, S198A, V205L, N206K, K209N, K212R, L215M, S218A, S231R, A238E, I239L, D246A, Q248E, K254R, V262I, S273N, I297L, T312S, I321V, I322V, Q330P, A334S, I434Q, Q440E, Q441K, N444D, H448Y, C451Q, Y452H, L461P, Q464E, S480G, T499V, M512L, S513A, M514R, T520I, R531K, I539L, L544K, I560V, V564A, P569S, F573M, W574V, V585I","30Q,31M","56F,122S,170I",,substitution on scored position,susceptible,substitution on scored position,substitution on scored position,susceptible,susceptible,substitution on scored position,substitution on scored position
OR345990.1,6e,6,SOF-DCV,SVR,0,,,,,,,A62Q,,,,,,,,,,,,,,,,False,False,False,False,False,True,True,True,11,2,21,"A21T, A46T, A62Q, I63L, V75A, I121V, V124I, A135N, V183A, M184V, A207T","T47A, V143M","M36L, T46A, I71M, N77K, A112T, A149T, V184I, D202E, H203R, R206K, S222R, R237H, Q244E, A273T, R309K, A333T, S488C, L491Q, K523R, S543G, S544T",not available,not available,not available,susceptible,susceptible,not licensed for subtype,susceptible,susceptible,susceptible,not licensed for subtype,not licensed for subtype
OR345991.1,6e,6,SOF-DCV,SVR,0,,,,,,,A62Q,,,,,,,,,,,,,,,,False,False,False,False,False,True,True,True,11,2,21,"A21T, A46T, A62Q, I63L, V75A, I121V, V124I, A135N, V183A, M184V, A207T","T47A, V143M","M36L, T46A, I71M, N77K, A112T, A149T, V184I, D202E, H203R, R206K, S222R, R237H, Q244E, A273T, R309K, A333T, S488C, L491Q, K523R, S543G, S544T",not available,not available,not available,susceptible,susceptible,not licensed for subtype,susceptible,susceptible,susceptible,not licensed for subtype,not licensed for subtype
OR345992.1,6e,6,SOF-DCV,SVR,0,,,,,,,A62Q,,,,,,,,,,,,,,,,False,False,False,False,False,True,True,True,15,2,13,"A21T, A25S, A46T, C54H, A62Q, V83T, V99I, I121V, V124I, H159Q, R166K, S174T, S181G, V183A, A207T","N110S, S133A","M36L, T46A, V59L, D66H, H203Y, S222R, R309K, D310N, V327A, A333I, S543G, S544T, R566Q",not available,not available,not available,susceptible,susceptible,not licensed for subtype,susceptible,susceptible,susceptible,not licensed for subtype,not licensed for subtype
OR345993.1,6e,6,SOF-DCV,SVR,0,,,,,,,A62Q,,,,,,,,,,,,,,,,False,False,False,False,False,True,True,True,15,2,13,"A21T, A25S, A46T, C54H, A62Q, V83T, V99I, I121V, V124I, H159Q, R166K, S174T, S181G, V183A, A207T","N110S, S133A","M36L, T46A, V59L, D66H, H203Y, S222R, R309K, D310N, V327A, A333I, S543G, S544T, R566Q",not available,not available,not available,susceptible,susceptible,not licensed for subtype,susceptible,susceptible,susceptible,not licensed for subtype,not licensed for subtype
OR345994.1,6e,6,SOF-DCV,SVR,0,,,,,,,A62Q,,,,,,,,,,,,,,,,False,False,False,False,False,True,True,True,15,2,19,"A21T, R41K, A46T, C54Y, A62Q, V75A, V83I, S114A, I121V, A135T, Y161F, A164V, V183A, M197T, S204T","T47A, V150A","M36L, T46A, L47I, N77K, I116V, A149V, R150Q, H203R, R206Q, S222R, Q244E, R250Q, R309K, A333T, K441R, V442A, L491K, S543G, S544T",not available,not available,not available,susceptible,susceptible,not licensed for subtype,susceptible,susceptible,susceptible,not licensed for subtype,not licensed for subtype
OR345995.1,6e,6,SOF-DCV,SVR,0,,,,,,,A62Q,,,,,,,,,,,,,,,,False,False,False,False,False,True,True,True,15,3,19,"A21T, R41K, A46T, C54Y, A62Q, V75A, V83I, S114A, I121V, A135T, Y161F, A164V, V183A, M197T, S204T","T47A, T98A, V150A","M36L, T46A, L47I, N77K, I116V, A149V, R150Q, H203R, R206Q, S222R, Q244E, R250Q, R309K, A333T, K441R, V442A, L491K, S543G, S544T",not available,not available,not available,susceptible,susceptible,not licensed for subtype,susceptible,susceptible,susceptible,not licensed for subtype,not licensed for subtype
OR345996.1,6e,6,SOF-DCV,SVR,0,,,,,,,A62L,,,,,,,,,,,,,,,,False,False,False,False,False,True,True,True,13,4,14,"A21T, A46T, A62L, V75A, I121V, R123Q, V124I, D126G, V153I, A164V, V183A, V196A, T213M","T47A, L132V, V143L, M179A","S29A, M36L, T46A, I71M, N77K, V184I, S222R, Q244E, R309K, V327M, V442A, I454V, S543G, S544T",not available,not available,not available,susceptible,susceptible,not licensed for subtype,susceptible,susceptible,susceptible,not licensed for subtype,not licensed for subtype
OR345997.1,6e,6,SOF-DCV,SVR,0,,,,L31I,,,A62L,,,,,,,,,,,,,,,,False,True,False,False,False,True,True,True,14,4,16,"A21T, L31I, A46T, A62L, I121V, R123Q, V124I, D126G, V153I, A164V, V183A, V196A, S204T, T213M","T47A, L132V, V143L, M179A","S29A, M36L, T46A, I71M, N77K, R81K, V184I, S222R, Q244E, C262R, R309K, V327M, V442A, I454V, S543G, S544T",not available,not available,not available,susceptible,susceptible,not licensed for subtype,susceptible,susceptible,susceptible,not licensed for subtype,not licensed for subtype
OR345998.1,6p,6,SOF-DCV,SVR,0,,V28M,,,,,M62E,,,V36I,,,,,,,,,,,,,False,True,False,False,False,True,True,True,15,10,17,"A25T, V28M, E50D, I52L, S56T, M62E, T64A, T71S, S75T, G98S, V101I, D103G, T135A, D172E, M184I","R7H, I33V, I35V, V36I, L48I, I71V, S98A, V107I, A133S, V150A","N65S, D66E, V67F, I71V, R81K, D90A, H111L, I116V, I131S, S135P, T207V, V323I, S330P, G334E, E446D, F466L, R523Q",not available,not available,not available,susceptible,susceptible,not licensed for subtype,susceptible,susceptible,susceptible,not licensed for subtype,not licensed for subtype
OR345999.1,6p,6,SOF-DCV,SVR,0,,V28M,,,,,M62E,,,V36I,,,,,,,,,,,,,False,True,False,False,False,True,True,True,15,10,17,"A25T, V28M, E50D, I52L, S56T, M62E, T64A, T71S, S75T, G98S, V101I, D103G, T135A, D172E, M184I","R7H, I33V, I35V, V36I, L48I, I71V, S98A, V107I, A133S, V150A","N65S, D66E, V67F, I71V, R81K, D90A, H111L, I116V, I131S, S135P, T207V, V323I, S330P, G334E, E446D, F466L, R523Q",not available,not available,not available,susceptible,susceptible,not licensed for subtype,susceptible,susceptible,susceptible,not licensed for subtype,not licensed for subtype
OR346000.1,6p,6,SOF-DCV,SVR,0,,,,,,,,,,,,,,,,,,,,,,,False,False,False,False,False,True,True,True,12,10,23,"S3T, R6K, S56T, T71S, S75T, G98S, V101I, R123K, T135A, D172E, T197M, T213Q","R7H, K26R, I35V, L48I, I71V, S98T, D112E, A133S, V150A, T177S","S46P, I71V, R81K, T85M, D90A, H111L, I116V, I131M, S135P, K181R, I186V, T207I, S227T, H237N, V338A, T364S, L392M, V442I, E446D, F466L, V552T, V564M, L587W",not available,not available,not available,susceptible,susceptible,not licensed for subtype,susceptible,susceptible,susceptible,not licensed for subtype,not licensed for subtype
OR346001.1,6p,6,SOF-DCV,SVR,0,,,,,,,,,,,,,,,,,,,,,,,False,False,False,False,False,True,True,True,11,10,23,"S3T, R6K, S56T, T71S, G98S, V101I, R123K, T135A, D172E, T197M, T213Q","R7H, K26R, I35V, L48I, I71V, S98T, D112E, A133S, V150A, T177S","S46P, I71V, R81K, T85M, D90A, H111L, I116V, I131M, S135P, K181R, I186V, T207I, K212R, S227T, H237N, V338A, T364S, L392M, V442I, E446D, F466L, V552T, V564L",not available,not available,not available,susceptible,susceptible,not licensed for subtype,susceptible,susceptible,susceptible,not licensed for subtype,not licensed for subtype
OP894660.1,1l,1,SOF-DCV,Non SVR,1,,,,,,,,,,,,,,,,,,,,,,,False,False,False,False,False,True,True,True,8,1,16,"I34L, L37I, R44K, A75S, I90V, Q123R, S174T, A197T",V167I,"V11I, D81N, V85I, K98R, N110S, E189D, S210A, A213T, R309Q, E327G, N335S, A338V, A421V, M426L, K535R, N544S","30R,31M",,,substitution on scored position,substitution on scored position,substitution on scored position,substitution on scored position,susceptible,susceptible,susceptible,substitution on scored position
OP894659.1,1e,1,SOF-DCV,Non SVR,1,,,,M31L,,S58P,,,,,,,,,,,,,,,,,False,True,False,False,False,True,True,True,14,6,19,"E10D, C21S, M31L, H54N, S58P, S101A, T107K, R108C, R122T, S127F, I158L, V174S, T176L, A197T","V51A, T52V, R62K, I67L, S102A, G174S","M57V, R65K, D87E, A112T, D131E, T132S, C213T, A251V, R362H, F374Y, I424V, T435A, G440E, S480G, R510K, K517R, Q544R, N549D, I585V","30Q,92T","36L,174S",,susceptible,susceptible,substitution on scored position,substitution on scored position,susceptible,susceptible,substitution on scored position,susceptible
OP894656.1,1l,1,SOF-DCV,Non SVR,1,A24IKMNRST,,K30R,,,,,,,,,,,,,,,L159F,,,,,False,True,False,False,False,True,True,True,11,1,12,"K6R, T7APST, A24IKMNRST, K30R, A79T, M99V, A101V, H104P, R108C, R123Q, N180H",K26R,"T57V, V85I, R98K, I116T, L159F, G198A, A213T, A251I, Q309R, Y448H, S506A, R566H","24R,24I,24K,24M,24N,24S,24T,30R,31M",,"159F,448H",substitution on scored position,substitution on scored position,substitution on scored position,substitution on scored position,substitution on scored position,susceptible,susceptible,substitution on scored position
OP894655.1,1l,1,SOF-LDV,Non SVR,1,,,R30Q,,,,,A92V,,,,,,,,,,,,,,,False,True,False,False,False,True,True,True,12,5,17,"I8L, R30Q, R44K, N54H, I63M, A75S, A92V, D105N, Q123R, H180N, S181H, A197T","Q41H, I71V, I72T, Q89P, S122G","L10M, V11I, N110S, E189D, S198R, A213S, K254R, R309Q, E327G, N335S, T377A, A421V, T473A, S506A, I520T, F574V, S580T","30Q,31M","41H,122G",,substitution on scored position,susceptible,substitution on scored position,substitution on scored position,susceptible,susceptible,susceptible,substitution on scored position
OP894654.1,1l,1,SOF-LDV,Non SVR,1,,,R30Q,,,,,,,,,,,,,,,,,,,,False,True,False,False,False,True,True,True,7,1,12,"R30Q, L37F, V56I, A75S, I90V, Q123R, S174T",I72T,"V11I, D66N, D81T, K98R, N110S, E131Q, E189D, A213T, R309Q, E327G, S470G, F574V","30Q,31M",,,substitution on scored position,susceptible,substitution on scored position,substitution on scored position,susceptible,susceptible,susceptible,substitution on scored position
OP894653.1,1l,1,SOF-LDV,Non SVR,1,A24S,,K30Q,,,,,,,,,,,,,,,L159F,,,,,False,True,False,False,False,True,True,True,11,1,15,"K6R, T7APST, A24S, K30Q, A79T, M99V, A101V, H104P, R108C, R123Q, N180H",K26R,"S5T, V11I, T57V, V85I, R98K, I116T, L159F, G198A, A213T, A251I, Q309R, N335S, Y448H, S506A, R566H","30Q,31M",,"159F,448H",substitution on scored position,susceptible,substitution on scored position,substitution on scored position,substitution on scored position,susceptible,susceptible,substitution on scored position
OP894652.1,1l,1,SOF-LDV,Non SVR,1,G24S,,R30Q,,,,,,,,,,,,,,,,,,,,False,True,False,False,False,True,False,True,11,0,16,"G24S, R30Q, L37F, R44K, V52I, A75S, Q123R, S174C, H180N, Y182H, L183V",,"V11I, G46S, D90S, K98R, N110S, E131V, L134I, D177N, K181N, E189P, S210A, A213T, E327G, N335S, T377A, N549D","30Q,31M",,,substitution on scored position,susceptible,substitution on scored position,substitution on scored position,susceptible,susceptible,susceptible,substitution on scored position
OP894650.1,1l,1,SOF-LDV,Non SVR,1,,,R30Q,,,,,,,,,,,,,,,,,,,,False,True,False,False,False,True,True,True,7,1,13,"V12I, R30Q, R44K, A75S, C98S, T103A, S174C",S61T,"V11I, D81N, N110S, S210A, A213T, E327G, N335S, A376G, T377A, S506A, I520T, N549D, L573M","30Q,31M",,,substitution on scored position,susceptible,substitution on scored position,substitution on scored position,susceptible,susceptible,susceptible,substitution on scored position
OP894642.1,1g,1,SOF-LDV,Non SVR,1,Q24K,L28V,R30A,,,P58S,,,Y93N,,,,,,,,,,,,,,True,True,False,False,False,True,True,True,75,17,45,"K6R, V8I, Q24K, S25A, L28V, R30A, L34I, Q54L, P58S, I63L, I74L, Y93N, T122R, V138L, P147S, E148Q, F149L, F150P, T151C, V153P, D154E, G155P, V156D, R157V, L158A, H159V, R160L, Y161T, A162S, P163M, V164L, C165T, K166D, L168S, L169H, R170I, E171T, E172A, V173E, V174T, F175A, Q176K, V177R, G178R, N180G, Q181R, Y182G, L183S, V184P, G185P, Q187L, L188A, P189S, C190S, E191S, P192A, E193S, P194Q, D195L, V196S, V198P, L199S, T200L, S201K, M202A, L203T, T204C, D205T, P206T, S207H, I209E, T210S, A211P, E212D, T213A","S7A, I18V, V35I, S42T, T63P, A66G, P67R, K68G, P86A, K87A, P89Q, V107I, I114V, V132I, F147S, A150V, I153L","T5S, I11V, S15A, S46T, L57Q, N62D, Q69K, R81K, L82Q, S90G, S113K, N120R, V131E, S166G, T181K, S189E, G198L, N206K, K251L, I262V, L293I, R300V, E330Q, S335N, A338V, A377T, S400V, M414Q, F415Y, T423M, G440E, K441R, A442V, D444E, Q446E, Y451H, E455D, S513A, Q514R, R531K, K535R, A541E, G549N, V564L, Y572F","28V,30A,93N",,,susceptible,substitution on scored position,resistant,substitution on scored position,susceptible,susceptible,susceptible,substitution on scored position
OP894641.1,1e,1,SOF-LDV,Non SVR,1,K24R,,,M31L,,S58P,,,Y93H,,,,,,,,,,,,,,False,True,False,False,False,True,True,True,18,6,22,"E10D, C21S, K24R, M31L, V52I, H54N, S58P, Y93H, S101V, V121I, S127F, S135T, L138I, I158L, V174S, T176Q, N180H, A197T","R62K, I67L, V71I, T98S, S102V, G174N","M57V, D62N, R65K, D81N, D131E, R154K, D206E, C213S, A251V, N273S, F374H, I424V, T435A, G440E, R510K, K517R, I520V, Q544R, N549D, F572I, F574C, C575F","24R,30Q,93H","36L,174N",,substitution on scored position,resistant,resistant,resistant,susceptible,susceptible,substitution on scored position,resistant
OP894644.1,1l,1,SOF-LDV,Non SVR,1,,,,,,,,,,,,,,,,,,,,,,,False,False,False,False,False,True,False,True,4,0,11,"L37F, R44K, A75S, R78K",,"V11I, G46S, K98R, N110S, L134I, E189D, A213T, R309Q, E327G, N335S, L573M","30R,31M",,,substitution on scored position,substitution on scored position,substitution on scored position,substitution on scored position,susceptible,susceptible,susceptible,substitution on scored position
OP894639.1,1e,1,SOF-LDV,Non SVR,1,K24R,,,,,S58P,,,,,,,,,,,,,,,,,False,False,False,False,False,True,True,True,17,7,13,"E10D, C21N, K24R, V52I, H54N, S58P, S101A, P104L, N105T, V121I, D126E, S127F, S135T, L138I, I158L, L168?, D171G, E172., V173., V174., F175., T176., V177., G178., L179., N180., T181., F182., V183., V184?, A197T","T52V, R62K, I67L, S102A, P146HLPQR, S147-, G174N","M57V, R65K, D131E, K202D, D206N, C213T, K270R, F374H, I424V, G440E, R510K, L539Q, Q544R","24R,30Q,31M","36L,174N",,substitution on scored position,susceptible,substitution on scored position,substitution on scored position,susceptible,susceptible,substitution on scored position,substitution on scored position
OP894649.1,1b,1,SOF-LDV,Non SVR,1,,,R30S,,,,,,Y93H,,,,,,,,,,,,,,False,True,False,False,False,True,False,True,11,0,14,"R30S, V52I, R78K, Y93H, E117D, V164A, E171D, S174T, Q176H, L183V, A207T",,"S90G, S113R, V116I, K124E, V131E, R300S, S335N, A338V, S400A, T423M, G440E, V499A, K523R, A541G","31M,93H",,,substitution on scored position,resistant,resistant,resistant,susceptible,,,resistant
OP894631.1,1e,1,SOF-LDV,Non SVR,1,K24R,,,,,S58P,,,,,,,,,,,,,,,,,False,False,False,False,False,True,True,True,18,3,18,"E7D, I8V, E10D, C21N, K24R, V52I, H54N, S58P, T83M, S101A, V121I, D126E, S127F, L138I, V174S, T176Q, T181S, A197T","I67L, S102A, G174N","M57L, R65K, D131V, Y162F, A251V, I297V, L300R, V327A, R362H, F374H, I405V, G440E, S480G, R510K, K517R, Q544R, Y566H, I585V","24R,30Q,31M","36L,174N",,substitution on scored position,susceptible,substitution on scored position,substitution on scored position,susceptible,susceptible,substitution on scored position,substitution on scored position
OP894634.1,1l,1,SOF-LDV,Non SVR,1,,M28V,R30Q,,,,,,,,,,,,,,,,,,,,True,True,False,False,False,True,False,True,7,0,12,"M28V, R30Q, R44K, A75S, R78K, I90V, Q123R",,"V11I, D81N, K98R, N110S, V116I, E131Q, E189D, A213T, Y276S, R277L, R278., C279., R280., A281., S282., G283., V284., L285., T286., T287., S288., C289., G290., N291., T292., L293., T294., C295., Y296., L297., K298., A299., T300., A301., A302., C303., R304., A305., A306., G307., L308., R309., D310., C311., T312., M313., L314., V315., C316., G317., D318., D319., L320., V321., V322., I323., C324., E325., S326., E327., G328., V329., Q330., E331., D332., E333., A334., N335., L336., T377A, A421V","30Q,31M",,,substitution on scored position,substitution on scored position,substitution on scored position,substitution on scored position,susceptible,susceptible,susceptible,substitution on scored position
OP894648.1,1l,1,SOF-LDV,Non SVR,1,,,,,,,,,,,,,,,,,,,,,,,False,False,False,False,False,True,False,True,7,0,14,"I8V, L37F, R44K, A75S, P97S, T135A, T213A",,"V11I, T77S, D81S, K98R, N110S, V116I, L134I, E189D, K206R, A213T, E327G, N335S, A338V, I520T","30R,31M",,,substitution on scored position,substitution on scored position,substitution on scored position,substitution on scored position,susceptible,susceptible,susceptible,substitution on scored position
OP894635.1,1l,1,SOF-LDV,Non SVR,1,G24S,,R30Q,,,,,,,,,,,,,,,,,,,,False,True,False,False,False,True,True,True,9,1,8,"G24S, R30Q, L37F, R44K, V56T, A75S, R78K, Q123R, T213A",K68S,"D81N, E131V, E189D, A213T, A421V, M426L, L536I, F574V","30Q,31M",,,substitution on scored position,susceptible,substitution on scored position,substitution on scored position,susceptible,susceptible,susceptible,substitution on scored position
OP894636.1,1i,1,SOF-DCV,Non SVR,1,,,R30S,,,,Q62R,,,,,,,,,,,,,,,,False,True,False,False,False,True,True,True,7,6,10,"R30S, Q62R, R78K, M133V, V164A, A197T, L199V","P86Q, F105Y, I107V, A150V, V151A, V170I","I11V, R65Q, S113R, K124E, V131E, M173R, G198K, S400A, G440E, Y451C",31M,"80K,170I",,substitution on scored position,susceptible,substitution on scored position,substitution on scored position,susceptible,susceptible,susceptible,substitution on scored position
OP894633.1,1b,1,SOF-LDV,Non SVR,1,,,R30S,,,,Q62K,,Y93H,,,,,,,,,,,,,,False,True,False,False,False,True,True,True,14,5,11,"R30S, V34I, K44R, V52I, Q62K, R78K, T83I, T87S, Y93H, T107K, R122M, R123Q, M133V, Y161., A162., P163., V164., C165., G166., P167., L168?, E171D","P86L, A102S, F105Y, I107V, V167I","S19D, T77G, V131E, S189P, R300?, A301., A302., C303., R304., A305., A306., K307., L308., Q309., D310., C311., T312., M313., L314., V315., C316., G317., D318., D319., L320., V321., V322., A338V, A377T, S400A, F415Y, G440E, Y451C, V499A","31M,93H",80K,,substitution on scored position,resistant,resistant,resistant,susceptible,susceptible,susceptible,resistant
OP894646.1,1a,1,SOF-LDV,Non SVR,1,,,,,,,,,,,,,,Q80K,,,,,,,,,False,False,False,False,False,False,True,True,0,12,56,,"I18V, T46S, I64L, S66T, S68N, V71A, Q80K, L94M, A101S, N122S, A150I, V151A","T5S, N19S, V59I, S62D, Q65R, L82M, E87D, D90S, V116I, R120N, E131V, D135P, F162Y, M173I, I184Q, V186I, D189S, S198A, V205L, K206R, T213V, A231S, A238E, V251T, K254R, V262I, L293I, T300A, G327S, Q330E, A376E, T377R, L392I, I424V, M426L, T438H, H440E, T441K, A450V, C451T, Y452H, I454V, Q455E, Q458D, G480A, V499A, Q506A, R510K, I512L, G517R, K523R, L544Q, G549S, T552A, A553G, H566R",,"80K,122S",,,,,,susceptible,susceptible,susceptible,
OP894632.1,1b,1,SOF-LDV,Non SVR,1,,,R30G,,,,Q62K,,,,,,,,,,,,,,,,False,True,False,False,False,True,True,True,9,11,9,"R30G, V34I, Q62K, T64S, R78K, M133V, V164A, Q181H, L183V","T7S, I18V, R26K, E28Q, S46T, T61A, P86L, F105Y, I107V, A150V, V151A","I11V, N62D, V131E, S400A, T423M, G440E, Y451C, Q544R, M573L","30G,31M","54S,80K",,substitution on scored position,susceptible,substitution on scored position,substitution on scored position,susceptible,susceptible,susceptible,substitution on scored position
OP894640.1,1e,1,SOF-LDV,Non SVR,1,K24R,,,M31L,,S58P,,,,,,,,,,,,,,,,,False,True,False,False,False,True,False,True,69,0,15,"E10D, C21S, K24R, M31L, H54N, S58P, S101A, V121I, S127F, S135T, L138I, V156R, R157G, I158S, H159P, R160P, Y161S, A162L, P163A, P164S, C165S, K166S, P167A, L168S, L169Q, R170L, D171S, E172A, V173P, V174S, F175L, T176K, V177A, G178T, L179C, N180T, T181I, F182H, V183H, V184D, G185S, S186P, Q187D, L188A, P189D, C190L, E191I, P192E, E193A, P194N, D195L, V196L, A197W, V198R, L199Q, T200E, S201M, M202G, L203G, T204N, D205I, P206T, S207R, H208V, I209E, T210S, A211E, E212N, T213K",,"M57V, R65K, A75., S76., T77., V78., K79., A80., D81?, D87E, D131E, S189G, K202E, D206., A207., W208., K209., S210., K211., K212., C213., P214., M215., G216., F217., S218., Y219., D220., T221., R222., C223., F224., D225., S226., T227., V228., T229., E230., A231., D232., I233., R234., T235., E236., E237., S238., I239., Y240., Q241., C242., C243., D244., L245., H246., P247., E248., A249., R250., A251., A252., I253., K254., S255., L256., T257., E258., R259., L260., Y261., V262., G263., G264., P265., L266., T267., N268., S269., K270., G271., E272., N273., C274., G275., Y276., R277., R278., C279., R280., A281., S282., G283., V284., L285., T286., T287., S288., C289., G290., N291., T292., L293., T294., C295., Y296., I297., K298., A299., L300., A301., A302., C303., R304., A305., A306., K307., L308., Q309., D310., C311., T312., M313., L314., V315., C316., G317., D318., D319., L320., V321., V322., I323., C324., E325., S326., V327., G328., T329., Q330., E331., D332., A333., A334., S335., L336., R337., A338., F339., T340., E341., A342., M343., T344., R345., Y346., S347., A348., P349., P350., G351., D352., P353., P354., Q355?, F374H, I424V, G440E, R510K, K517R, K523R, L539I, Q544R, F572L","24R,30Q",,,substitution on scored position,susceptible,substitution on scored position,substitution on scored position,susceptible,,,susceptible
OP894638.1,1l,1,SOF-LDV,Non SVR,1,G24S,,R30Q,,,,,,,,,,,,,,,,,,,,False,True,False,False,False,True,True,True,9,1,12,"G24S, R30Q, L37F, R44K, A75S, R78K, I90V, Q123R, A197T",I114V,"V11I, D81N, N110S, V116I, K120Q, Q124R, V179T, E189D, A213T, A338V, A421V, F574L","30Q,31M",,,substitution on scored position,susceptible,substitution on scored position,substitution on scored position,susceptible,susceptible,susceptible,substitution on scored position
OP894647.1,1l,1,SOF-LDV,Non SVR,1,,,R30K,,,,,,,,,,,,,,,,,,,,False,True,False,False,False,True,False,True,6,0,16,"R30K, L37F, V56I, A75S, T103S, T213A",,"V11I, S39A, D81N, R117H, E131Q, E189D, A213T, R309Q, E327G, N335S, T377A, S506A, I520M, K535KR, N544S, F574V","30K,31M",,,substitution on scored position,susceptible,substitution on scored position,substitution on scored position,susceptible,susceptible,susceptible,substitution on scored position
OP894643.1,1l,1,GZR-EBR,Non SVR,1,K24R,,,M31L,,S58P,,,Y93H,,,,,,,,,,,,,,False,True,False,False,False,True,True,True,18,5,18,"E10D, C21S, K24R, M31L, H54N, S58P, Y93H, S101A, S114A, V121I, S127F, L138I, I158L, V174S, T176Q, T181S, A197T, T213A","V48L, I67L, V107I, V163I, G174S","M57V, R65K, D131E, C213T, C242S, A251V, F374H, G376A, Y382H, I405V, F415Y, I424V, G440E, R510K, K517R, Q544R, Y566H, V581A","24R,30Q,93H","36L,174S",,substitution on scored position,resistant,resistant,resistant,susceptible,susceptible,substitution on scored position,resistant
OP894651.1,1l,1,SOF-VEL,Non SVR,1,G24S,,R30Q,,,,,,,,,,,,,,,,,,,,False,True,False,False,False,True,True,True,11,5,17,"G24S, R30Q, L37F, V56I, A75S, R78K, S107N, Q123R, E171D, S181H, L183V","K68N, I72T, Q89K, L132V, V167I","D81T, V116I, E131V, E189D, S210A, A213T, R309Q, E327G, N335S, A421V, I434T, T473A, A499T, S506A, I520T, I539L, F574V","30Q,31M",,,substitution on scored position,susceptible,substitution on scored position,substitution on scored position,susceptible,susceptible,susceptible,substitution on scored position
OP894645.1,1e,1,GLE-PIB,Non SVR,1,,,,M31L,,S58P,,,,,,,,,,,,,,,,,False,True,False,False,False,True,True,True,13,6,16,"E10D, C21S, M31L, H54N, S58P, S101A, T107R, R122T, S127F, I158L, V174S, T176L, A197T","V51A, T52V, R62K, I67L, S102A, G174S","S46G, M57V, R65K, D131E, T132S, C213T, A251V, R362H, F374Y, I424V, T435A, G440E, S480G, Q544R, N549D, I585V","30Q,92T","36L,174S",,susceptible,susceptible,substitution on scored position,substitution on scored position,susceptible,susceptible,substitution on scored position,susceptible
OP894637.1,1l,1,SOF-LDV,Non SVR,1,,,,,,,,,,,,,,,,,,,,,,,False,False,False,False,False,True,True,True,8,1,14,"I34L, L37I, R44K, A75S, I90V, Q123R, S174T, A197T",V167I,"V11I, D81N, K98R, N110S, E189D, S210A, A213T, R309Q, E327G, N335S, A338V, A421V, M426L, N544S","30R,31M",,,substitution on scored position,substitution on scored position,substitution on scored position,substitution on scored position,susceptible,susceptible,susceptible,substitution on scored position
